id,climate,energy,environment,durability
EECON2253,0,0,0,0
EECSO2501,0,0,0,0
EECSO2502,0,0,0,0
EECSO2503,0,0,0,0
EECSO2504,0,0,0,0
EGEST3019,0,0,0,0
EGLOR2507,0,0,0,0
EHELH2300,0,0,0,0
EKUL2803,0,0,0,0
EKUL2808,0,0,0,0
ENANO2401,0,0,0,0
ENANO2402,0,0,0,0
ENANO2403,0,0,0,0
ENANO2404,0,0,0,0
ENANO2405,0,0,0,0
ENANO2406,0,0,0,0
ENANO2407,0,0,0,0
ENANO2408,0,0,0,0
ENANO2409,0,0,0,0
ENANO2410,0,0,0,0
ENANO2411,0,0,0,0
ENANO2412,0,0,0,0
ENANO2413,0,0,0,0
ENANO2414,0,0,0,0
ENANO2415,0,0,0,0
ENANO2416,0,0,0,0
ENANO2417,0,0,0,0
ENANO2418,0,0,0,0
ENANO2419,0,0,0,0
ENANO2420,0,0,0,0
ENANO2501,0,0,0,0
ENANO2502,0,0,0,0
ENANO2503,0,0,0,0
ENANO2504,0,0,0,0
ENANO2505,0,0,0,0
ENANO2506,0,0,0,0
ENANO2507,0,0,0,0
ENANO2601,0,0,0,0
ENANO2602,0,0,0,0
ENANO2603,0,0,0,0
ENANO2604,0,0,0,0
ENANO2605,0,0,0,0
ENANO2606,0,0,0,0
ENANO2607,0,0,0,0
ENANO2608,0,0,0,0
ENANO2609,0,0,0,0
ENANO2610,0,0,0,0
ENANO2611,0,0,0,0
ENANO2612,0,0,0,0
ENANO2701,0,0,0,0
ENANO2702,0,0,0,0
ENANO2703,0,0,0,0
ENANO2704,0,0,0,0
ENANO2705,0,0,0,0
ENANO2706,0,0,0,0
ENANO2707,0,0,0,0
ENANO2801,0,0,0,0
ENANO2802,0,0,0,0
ENANO2803,0,0,0,0
ENANO2804,0,0,0,0
ENANO2805,0,0,0,0
ENANO2806,0,0,0,0
ENANO2807,0,0,0,0
ENANO2808,0,0,0,0
ENANO2809,0,0,0,0
ENANO2810,0,0,0,0
ENANO2811,0,0,0,0
ENANO2812,0,0,0,0
ENANO2813,0,0,0,0
ENANO2814,0,0,0,0
ENANO2815,0,0,0,0
ENANO2816,0,0,0,0
ENANO2817,0,0,0,0
ESBM2113,0,0,0,0
ESBOE2108,0,0,0,0
ESPS2203,0,0,0,0
ESSPS2101,0,0,0,0
ETHEA2340,0,0,0,0
EUANT2807,0,0,0,0
EUGEN2801,0,0,0,0
EUGEN2805,0,0,0,0
EUHAS2806,0,0,0,0
EULB2300,0,0,0,0
EULB2301,0,0,0,0
EULB2302,0,0,0,0
EULB2303,0,0,0,0
EULB2304,0,0,0,0
EULB2305,0,0,0,0
EULB2306,0,0,0,0
EULB2307,0,0,0,0
EULB2308,0,0,0,0
EULB2309,0,0,0,0
EULB2311,0,0,0,0
EULB2312,0,0,0,0
EULB2313,0,0,0,0
EULB2314,0,0,0,0
EULB2315,0,0,0,0
EULB2316,0,0,0,0
EULB2317,0,0,0,0
EULB2318,0,0,0,0
EULB2319,0,0,0,0
EULB2320,0,0,0,0
EULB2321,0,0,0,0
EULG2400,0,0,0,0
EULG2401,0,0,0,0
EULG2402,0,0,0,0
EULG2403,0,0,0,0
EULG2404,0,0,0,0
EULG2405,0,0,0,0
EULG2406,0,0,0,0
EULG2407,0,0,0,0
EULG2408,0,0,0,0
EULG2409,0,0,0,0
EULG2410,0,0,0,0
EULG2411,0,0,0,0
EULG2412,0,0,0,0
EULG2413,0,0,0,0
EUMON2700,0,0,0,0
EUMON2701,0,0,0,0
EUMON2702,0,0,0,0
EUNAM2500,0,0,0,0
EUNAM2501,0,0,0,0
EUSLB2600,0,0,0,0
EUSLB2601,0,0,0,0
EVUB2802,0,0,0,0
EVUB2804,0,0,0,0
LACTU2010,0,0,0,0
LACTU2020,0,0,0,0
LACTU2030,0,0,0,0
LACTU2040,0,0,0,0
LACTU2110,0,0,0,0
LACTU2170,0,0,0,0
LACTU2210,0,0,0,0
LACTU2220,0,0,0,0
LACTU2230,0,0,0,0
LACTU2240,0,0,0,0
LACTU2260,0,0,0,0
LACTU2270,0,0,0,0
LACTU2280,0,0,0,0
LACTU2900,0,0,0,0
LACTU2910,0,0,0,0
LADPU2900,0,0,0,0
LADPU2920,0,0,0,0
LAGES2530,0,0,0,0
LAGES2801,0,0,0,0
LAGES2802,0,0,0,0
LAGES2803,0,0,0,0
LAGES2804,0,0,0,0
LAGES9001,0,0,0,0
LAGES9002,0,0,0,0
LAGES9003,0,0,0,0
LAGES9009,0,0,0,0
LAGES9010,0,0,0,0
LAGES9011,0,0,0,0
LAGRE2020C,0,0,0,0
LAGRE2020D,0,0,0,0
LAGRE2020P,0,0,0,0
LAGRE2020Q,0,0,0,0
LAGRE2120,0,0,0,0
LAGRE2120P,0,0,0,0
LAGRE2120Q,0,0,0,0
LAGRE2120S,0,0,0,0
LAGRE2120T,0,0,0,0
LAGRE2220,0,0,0,0
LAGRE2221,0,0,0,0
LAGRE2310,0,0,0,0
LAGRE2400,0,0,0,0
LALLE1100,0,0,0,0
LALLE1212,0,0,0,0
LALLE1230,0,0,0,0
LALLE1300,0,0,0,0
LALLE1313,0,0,0,0
LALLE1315,0,0,0,0
LALLE1330,0,0,0,0
LALLE1331,0,0,0,0
LALLE1332,0,0,0,0
LALLE1500,0,0,0,0
LALLE1532,0,0,0,0
LALLE1710,0,0,0,0
LALLE2710,0,0,0,0
LALLE2711,0,0,0,0
LALLE2712,0,0,0,0
LANG1861,0,0,0,0
LANG1862,0,0,0,0
LANG1863,0,0,0,0
LANGL1111,0,0,0,0
LANGL1134,0,0,0,0
LANGL1181,0,0,0,0
LANGL1182,0,0,0,0
LANGL1183,0,0,0,0
LANGL1184,0,0,0,0
LANGL1212,0,0,0,0
LANGL1234,0,0,0,0
LANGL1282,0,0,0,0
LANGL1313,0,0,0,0
LANGL1315,0,0,0,0
LANGL1330,0,0,0,0
LANGL1331,0,0,0,0
LANGL1332,0,0,0,0
LANGL1333,0,0,0,0
LANGL1383,0,0,0,0
LANGL1500,0,0,0,0
LANGL1531,0,0,0,0
LANGL1532,0,0,0,0
LANGL1700,0,0,0,0
LANGL1720,0,0,0,0
LANGL1841,0,0,0,0
LANGL1842,0,0,0,0
LANGL1851,0,0,0,0
LANGL1854,0,0,0,0
LANGL1855,0,0,0,0
LANGL1856,0,0,0,0
LANGL1881,0,0,0,0
LANGL1882,0,1,0,0
LANGL1971,0,0,0,0
LANGL1972,0,0,0,0
LANGL1973,0,0,0,0
LANGL2423,0,0,0,0
LANGL2431,0,0,0,0
LANGL2432,0,0,0,0
LANGL2433,0,0,0,0
LANGL2440,0,0,0,0
LANGL2451,0,0,0,0
LANGL2453,0,0,0,0
LANGL2454,0,0,0,0
LANGL2480,0,0,0,0
LANGL2600,0,0,0,0
LANGL2601,0,0,0,0
LANGL2623,0,0,0,0
LANGL2710,0,0,0,0
LANGL2711,0,0,0,0
LANGL2712,0,0,0,0
LANSO1390,0,0,0,0
LANSO1391,0,0,0,0
LANSO1392,0,0,0,0
LANSO1393,0,0,0,0
LANTR2000,0,0,0,0
LANTR2005,0,0,0,0
LANTR2010,0,0,0,0
LANTR2015,0,0,0,0
LANTR2020,0,0,0,0
LANTR2030,0,0,0,0
LANTR2035,0,0,0,0
LANTR2045,0,0,0,0
LANTR2055,0,0,0,0
LANTR2080,0,0,0,0
LANTR2095,0,0,0,0
LANTR2100,0,0,0,0
LANTR2130,0,0,0,0
LANTR2140,0,0,0,0
LANTR2900,0,0,0,0
LANTR2901,0,0,0,0
LANTR2950,0,0,0,0
LARAB1100,0,0,0,0
LARAB1102,0,0,0,0
LARAB1301,0,0,0,0
LARAB1302,0,0,0,0
LARAB1303,0,0,0,0
LARAB2500,0,0,0,0
LARKE1110,0,0,0,0
LARKE1120,0,0,0,0
LARKE1140,0,0,0,0
LARKE1145,0,0,0,0
LARKE1150,0,0,0,0
LARKE1151,0,0,0,0
LARKE1220,0,0,0,0
LARKE1225,0,0,0,0
LARKE1230,0,0,0,0
LARKE1235,0,0,0,0
LARKE1240,0,0,0,0
LARKE1245,0,0,0,0
LARKE1320,0,0,0,0
LARKE1325,0,0,0,0
LARKE1351,0,0,0,0
LARKE1352,0,0,0,0
LARKE1552,0,0,0,0
LARKE1553,0,0,0,0
LARKE1554,0,0,0,0
LARKE1555,0,0,0,0
LARKE1556,0,0,0,0
LARKE1557,0,0,0,0
LARKE1559,0,0,0,0
LARKE2710,0,0,0,0
LARKE2720,0,0,0,0
LARKE2890,0,0,0,0
LARKE2892,0,0,0,0
LARKE2898,0,0,0,0
LARKE2910,0,0,0,0
LARKE2920,0,0,0,0
LARKE9001,0,0,0,0
LARKO2270,0,0,0,0
LARKO2290,0,0,0,0
LARKO2322,0,0,0,0
LARKO2323,0,0,0,0
LARKO2324,0,0,0,0
LARKO2340,0,0,0,0
LARKO2341,0,0,0,0
LARKO2350,0,0,0,0
LARKO2360,0,0,0,0
LARKO2370,0,0,0,0
LARKO2371,0,0,0,0
LARKO2385,0,0,0,0
LARKO2400,0,0,0,0
LARKO2410,0,0,0,0
LARKO2673,0,0,0,0
LARKO2674,0,0,0,0
LARKO2675,0,0,0,0
LARKO2676,0,0,0,0
LARKO2677,0,0,0,0
LASI1300,0,0,0,0
LASI1301,0,0,0,0
LASI1302,0,0,0,0
LASI1304,0,0,0,0
LBARC1101,0,0,0,0
LBARC1102,0,0,0,0
LBARC1105,0,0,0,0
LBARC1120,0,0,0,0
LBARC1121,0,0,0,0
LBARC1122,0,0,0,0
LBARC1123,0,0,0,0
LBARC1140,0,0,0,0
LBARC1142,0,0,1,0
LBARC1143,0,0,0,0
LBARC1144,0,0,0,0
LBARC1160,0,0,0,0
LBARC1164,0,0,0,0
LBARC1201,0,0,0,0
LBARC1202,0,0,0,0
LBARC1203,0,0,0,0
LBARC1221,0,0,0,0
LBARC1224,0,0,0,0
LBARC1228,0,0,0,0
LBARC1240,0,0,0,0
LBARC1241,0,0,0,0
LBARC1243,0,0,0,0
LBARC1260,0,0,0,0
LBARC1261,0,0,0,0
LBARC1262,0,0,0,0
LBARC1263,0,0,0,0
LBARC1301,0,0,0,0
LBARC1303,0,0,0,0
LBARC1307,0,0,0,0
LBARC1321,0,0,0,0
LBARC1323,0,0,0,0
LBARC1325,0,0,0,0
LBARC1340,0,0,0,0
LBARC1343,0,0,0,0
LBARC1344,0,0,0,0
LBARC1345,0,0,0,0
LBARC1346,0,0,0,0
LBARC1347,1,0,0,0
LBARC1360,1,1,0,0
LBARC1361,0,0,0,0
LBARC1362,0,0,0,0
LBARC1366,0,0,0,1
LBARC1380,0,0,0,0
LBARC2101,0,0,0,0
LBARC2120,0,0,0,0
LBARC2126,0,0,0,0
LBARC2130,0,0,0,0
LBARC2131,0,0,1,1
LBARC2140,0,0,0,0
LBARC2141,0,0,0,0
LBARC2142,0,0,0,0
LBARC2143,0,0,0,0
LBARC2146,0,0,0,0
LBARC2147,0,0,0,0
LBARC2148,0,0,0,0
LBARC2149,0,0,0,0
LBARC2160,0,0,0,0
LBARC2161,0,0,0,0
LBARC2162,0,0,0,0
LBARC2165,0,0,0,0
LBARC2185,0,0,0,0
LBARC2186,0,0,0,0
LBARC2195,0,0,0,0
LBARC2200,0,0,0,0
LBARC2201,0,0,0,0
LBARC2232,0,0,0,0
LBARC2233,0,0,0,0
LBARC2234,0,0,0,0
LBARC2235,0,0,0,0
LBARC2236,0,0,1,1
LBARC2237,0,0,0,0
LBARC2238,0,0,0,0
LBARC2239,0,0,0,0
LBARC2240,0,0,0,0
LBARC2280,0,0,0,0
LBARC2281,0,0,0,0
LBARC2283,0,0,0,0
LBBMC2101,0,0,0,0
LBBMC2101A,0,0,0,0
LBBMC2102,0,0,0,0
LBBMC2103,0,0,0,0
LBBMC2104,0,0,0,0
LBBMC2106,0,0,0,0
LBBMC2108,0,0,0,0
LBBMC2110,0,0,0,0
LBBMC2111,0,0,0,0
LBBMC2201,0,0,0,0
LBBMC2203,0,0,0,0
LBBMC2997,0,0,0,0
LBBMC2998,0,0,0,0
LBIO1110,0,0,0,0
LBIO1111,0,0,0,0
LBIO1112,0,0,0,0
LBIO1114,0,0,0,0
LBIO1115,0,0,0,0
LBIO1116,0,0,0,0
LBIO1117,0,0,0,0
LBIO1213,0,0,0,0
LBIO1216,0,0,0,0
LBIO1217,0,0,0,0
LBIO1221,0,0,0,0
LBIO1223,0,0,0,0
LBIO1230,0,0,0,0
LBIO1234,0,0,0,0
LBIO1234A,0,0,0,0
LBIO1235,0,0,0,0
LBIO1236,0,0,0,0
LBIO1237,0,0,0,0
LBIO1240,0,0,0,0
LBIO1242,0,0,0,0
LBIO1248,0,0,0,0
LBIO1252,0,0,0,0
LBIO1253,0,0,0,0
LBIO1254,0,0,0,0
LBIO1281,0,0,0,0
LBIO1282,0,0,0,0
LBIO1283,0,0,0,0
LBIO1310,0,0,0,0
LBIO1311,0,0,0,0
LBIO1312,0,0,0,0
LBIO1315,0,0,0,0
LBIO1317,0,0,0,0
LBIO1322,0,0,0,0
LBIO1323,0,0,0,0
LBIO1330,0,0,0,0
LBIO1333,0,0,0,0
LBIO1332,0,0,0,0
LBIO1334,0,0,0,0
LBIO1338,0,0,0,0
LBIO1342,0,0,0,0
LBIO1343,0,0,0,0
LBIO1344,0,0,0,0
LBIO1348,0,0,0,0
LBIO1349,0,0,0,0
LBIO1350,0,0,0,0
LBIO1355,0,0,0,0
LBIO1356,0,0,0,0
LBIO1357,0,0,0,0
LBIO1383,0,0,0,0
LBIO2310,0,0,0,0
LBIO2340,0,0,0,0
LBIOL2990,0,0,0,0
LBIR1110,0,0,0,0
LBIR1111,0,0,0,0
LBIR1121,0,0,0,0
LBIR1122,0,0,0,0
LBIR1130,1,0,0,0
LBIR1130A,1,0,0,0
LBIR1140,0,0,0,0
LBIR1150,0,0,0,0
LBIR1151,0,0,0,0
LBIR1170,0,0,0,0
LBIR1211,0,0,0,0
LBIR1212,0,0,0,0
LBIR1221,0,0,0,0
LBIR1230,0,0,1,1
LBIR1230A,0,0,1,1
LBIR1250,0,0,0,0
LBIR1251,0,0,0,0
LBIR1252,0,0,0,0
LBIR1260,0,0,0,0
LBIR1270,0,0,0,0
LBIR1271,0,0,0,0
LBIR1315,0,0,0,0
LBIR1325A,0,0,0,0
LBIR1325B,0,0,0,0
LBIR1328,1,0,0,0
LBIR1328A,1,0,0,0
LBIR1334,0,0,0,0
LBIR1336,1,0,0,0
LBIR1340,0,0,0,0
LBIR1336B,1,0,0,0
LBIR1341,0,0,0,0
LBIR1342,0,0,0,0
LBIR1346,0,0,0,0
LBIR1349,0,0,0,0
LBIR1350,0,0,0,0
LBIR1351,0,0,0,0
LBIR1352,0,0,0,0
LBIR1352A,0,0,0,0
LBIR1353,0,0,0,0
LBIR1352B,0,0,0,0
LBIR1354,0,0,0,0
LBIR1355,0,0,0,0
LBIR1360,0,0,0,0
LBIR1361,0,0,0,1
LBIR1362,0,0,0,0
LBIR1381,0,0,0,0
LBIR2000,0,0,0,0
LBIR2050,0,0,0,0
LBIR2050A,0,0,0,0
LBIRA2105,0,0,0,0
LBIRA2107,1,0,0,1
LBIRA2108A,0,0,0,0
LBIRA2109,0,0,1,1
LBIRA2110,0,0,0,0
LBIRA2110A,0,0,0,0
LBIRA2110B,0,0,0,0
LBIRA2111,0,0,0,0
LBIRA2112,0,0,0,0
LBIRA2130,0,0,0,0
LBIRA2210,0,0,0,0
LBIRA2200,0,0,0,0
LBIRA2230,0,0,0,0
LBIRC2101,0,0,0,0
LBIRC2102,0,0,0,0
LBIRC2105,0,0,0,0
LBIRC2107,0,0,0,0
LBIRC2108,0,0,0,0
LBIRC2109,0,0,0,0
LBIRC2130,0,0,0,0
LBIRC2130A,0,0,0,0
LBIRC2210,0,0,0,0
LBIRC2200,0,0,0,0
LBIRC2201,0,0,0,0
LBIRE2102,0,0,0,0
LBIRE2104,0,0,0,0
LBIRE2102A,0,0,0,0
LBIRE2105,0,0,1,0
LBIRE2130,0,0,0,1
LBIRE2131,0,0,0,1
LBIRE2200,0,0,0,0
LBIRE2205A,0,0,0,0
LBIRF2101,0,0,0,0
LBIRE2210,0,0,0,0
LBIRF2102,0,0,0,1
LBIRF2103,0,0,0,0
LBIRF2105,0,0,0,0
LBIRF2104,0,0,1,0
LBIRF2106,1,0,0,0
LBIRF2200,0,0,0,0
LBIRF2201,0,0,0,0
LBIRF2202,0,0,0,0
LBIRF2213,0,0,0,0
LBIRF2204,0,0,0,0
LBNEN2000,0,0,0,0
LBIRF2230,0,0,0,0
LBNEN2002,0,0,0,0
LBNEN2003,0,0,0,0
LBNEN2001,0,0,0,0
LBNEN2006,0,0,0,0
LBNEN2008,0,0,0,0
LBNEN2011,0,0,0,0
LBNEN2010,0,0,0,0
LBNEN2990,0,0,0,0
LBOE2109,0,0,0,0
LBOE2111,0,0,0,0
LBOE2112,0,0,0,0
LBOE2113,0,0,0,0
LBOE2120,0,0,0,0
LBOE2166,0,0,0,0
LBOE2196,0,0,0,0
LBOE2191,1,0,1,0
LBOE2292,0,0,0,0
LBOE2197,0,0,0,0
LBOE2297,0,0,0,0
LBRAI2210,0,0,0,0
LBRAI2212,0,0,0,0
LBRAI2218,0,0,0,0
LBRAI2219,0,0,0,0
LBRAI2220,0,0,0,0
LBRAI2220A,0,0,0,0
LBRAI2221,0,0,1,0
LBRAI2222,0,0,0,0
LBRAL2102,0,0,0,0
LBRAL2102A,0,0,0,0
LBRAL2102F,0,0,0,0
LBRAL2103A,0,0,0,0
LBRAL2104,0,0,0,0
LBRAL2202,0,0,0,0
LBRAS2302,0,0,0,0
LBRAS2301,0,0,0,0
LBRAS2303,0,0,0,0
LBRAS2304,0,0,0,0
LBRAS2305,0,0,0,0
LBRAS2310,0,0,0,0
LBRAT2101,0,0,0,0
LBRAT2102,0,0,0,0
LBRAT2101B,0,0,0,0
LBRAT2103,0,0,0,0
LBRAT2104,0,0,0,0
LBRES2101,0,0,0,0
LBRES2102,0,0,0,0
LBRES2101A,0,0,0,0
LBRES2104,0,0,0,0
LBRES2105,0,0,0,0
LBRMC2101,0,0,0,0
LBRES2206,0,0,0,0
LBRMC2201,0,0,0,0
LBRMC2202,0,0,0,0
LBRNA2102,0,0,0,0
LBRNA2201,0,0,0,0
LBRNA2202,0,0,0,0
LBRPP2211,0,0,0,0
LBRTE2201,0,0,0,0
LBRTI2101,0,0,0,0
LBRTI2101A,0,0,0,0
LBRTI2102,0,0,0,0
LCCR1210,0,0,0,0
LCCR1211,0,0,0,0
LCCR1212,0,0,0,0
LCCR1214,0,0,0,0
LCCR1213,0,0,0,0
LCCR1215,0,0,0,0
LCCR1216,0,0,0,0
LCCR1310,0,0,0,0
LCCR1217,0,0,0,0
LCHIN1100,0,0,0,0
LCHIN1300,0,0,0,0
LCHIN1500,0,0,0,0
LCHIN1700,0,0,0,0
LCHM1111,0,0,0,0
LCHM1111A,0,0,0,0
LCHM1111B,0,0,0,0
LCHM1112,0,0,0,0
LCHM1141,0,0,0,0
LCHM1141A,0,0,0,0
LCHM1141B,0,0,0,0
LCHM1211,0,0,0,0
LCHM1211A,0,0,0,0
LCHM1231,0,0,0,0
LCHM1242,0,0,0,0
LCHM1244,0,0,0,0
LCHM1245,0,0,0,0
LCHM1245B,0,0,0,0
LCHM1252,0,0,0,0
LCHM1253,0,0,0,0
LCHM1254,0,0,0,0
LCHM1271,0,0,0,0
LCHM1271A,0,0,0,0
LCHM1271V,0,0,0,0
LCHM1300,0,0,0,0
LCHM1319,0,0,0,0
LCHM1311,1,0,0,0
LCHM1320,0,0,0,0
LCHM1321,0,0,0,0
LCHM1322,0,0,0,0
LCHM1331,0,0,0,0
LCHM1341,0,0,0,0
LCHM1342,0,0,0,0
LCHM1351,0,0,0,0
LCHM1352,0,0,0,0
LCHM1353,0,0,0,0
LCHM1361,0,0,0,0
LCHM1371,0,0,0,0
LCHM1371B,0,0,0,0
LCHM1371V,0,0,0,0
LCHM1381,0,0,0,0
LCHM2120,0,0,0,0
LCHM1391,0,0,0,0
LCHM2122,0,0,0,0
LCHM2130,0,0,0,0
LCHM2140,0,0,0,0
LCHM2150,0,0,0,0
LCHM2143,0,0,0,0
LCHM2151,0,0,0,0
LCHM2152,0,0,0,0
LCHM2170,0,0,0,0
LCHM2181,0,0,0,0
LCHM2241,0,0,0,0
LCHM2231,0,0,0,0
LCHM2243,0,0,0,0
LCHM2244,0,0,0,0
LCHM2245,0,0,0,0
LCHM2246,0,0,0,0
LCHM2251,0,0,0,0
LCHM2247,0,0,0,0
LCHM2252,0,0,0,0
LCHM2260,0,0,0,0
LCHM2261B,0,0,0,0
LCHM2261A,0,0,0,0
LCHM2280,0,0,0,0
LCHM2281,0,0,0,0
LCHM2290,0,0,0,0
LCHM2310,0,0,0,0
LCHM2340,0,0,0,0
LCHM2999,0,0,0,0
LCHM2995,0,0,0,0
LCLAS1399,0,0,0,0
LCLAS2899,0,0,0,0
LCLAS2898,0,0,0,0
LCLIG2160,0,0,0,0
LCLIG2240,0,0,0,0
LCLIG2230,0,0,0,0
LCLIG2250,0,0,0,0
LCLIM2270,0,0,0,0
LCLIM2280,0,0,0,0
LCOMU1121,0,0,0,0
LCLIM2999,0,0,0,0
LCOMU1124,0,0,0,0
LCOMU1125,0,0,0,0
LCOMU1126,0,0,0,0
LCOMU1127,0,0,0,0
LCOMU1128,0,0,0,0
LCOMU1211,0,0,0,0
LCOMU1223,0,0,0,0
LCOMU1212,0,0,0,0
LCOMU1224,0,0,0,0
LCOMU1225,0,0,0,0
LCOMU1226,0,0,0,0
LCOMU1236,0,0,0,0
LCOMU1237,0,0,0,0
LCOMU1239,0,0,0,0
LCOMU1238,0,0,0,0
LCOMU1240,0,0,0,0
LCOMU1312,0,0,0,0
LCOMU1241,0,0,0,0
LCOMU1313,0,0,0,0
LCOMU1316,0,0,0,0
LCOMU1322,0,0,0,0
LCOMU1323,0,0,0,0
LCOMU1325,0,0,0,0
LCOMU1327,0,0,0,0
LCOMU1329,0,0,0,0
LCOMU1330,0,0,0,0
LCOMU1332,0,0,0,0
LCOMU1331,0,0,0,0
LCOMU1334,0,0,0,0
LCOMU1333,0,0,0,0
LCOMU2120,0,0,0,0
LCOMU2121,0,0,0,0
LCOMU2123,0,0,0,0
LCOMU2200,0,0,0,0
LCOMU2221,0,0,0,0
LCOMU2270,0,0,0,0
LCOMU2310,0,0,0,0
LCOMU2330,0,0,0,0
LCOMU2340,0,0,0,0
LCOMU2360,0,0,0,0
LCOMU2350,0,0,0,0
LCOMU2429,0,0,0,0
LCOMU2430,0,0,0,0
LCOMU2431,0,0,0,0
LCOMU2600,0,0,0,0
LCOMU2605,0,0,0,0
LCOMU2606,0,0,0,0
LCOMU2610,0,0,0,0
LCOMU2611,0,0,0,0
LCOMU2613,0,0,0,0
LCOMU2615,0,0,0,0
LCOMU2617,0,0,0,0
LCOMU2619,0,0,0,0
LCOMU2640,0,0,0,0
LCOMU2701,0,0,0,0
LCOMU2706,0,0,0,0
LCOMU2708,0,0,0,0
LCOMU2811,0,0,0,0
LCOMU2810,0,0,0,0
LCOMU2812,0,0,0,0
LCOMU2813,0,0,0,0
LCOMU2900A,0,0,0,0
LCOMU2900B,0,0,0,0
LCOMU2901,0,0,0,0
LCOMU2904A,0,0,0,0
LCOMU2902,0,0,0,0
LCOMU2910,0,0,0,0
LCOMU2904B,0,0,0,0
LCOPS1113,0,0,0,0
LCOMU2920,0,0,0,0
LCOPS1114,0,0,0,0
LCOPS1115,0,0,0,0
LCOPS1124,0,0,0,0
LCOPS1125,0,0,0,0
LCOPS1211,0,0,0,0
LCOPS1212,0,0,0,0
LCOPS1211M,0,0,0,0
LCOPS1311,0,0,0,0
LCPFB3100,0,0,0,0
LCPI3000,0,0,0,0
LCPI3010B,0,0,0,0
LCPI3010A,0,0,0,0
LCPI3010C,0,0,0,0
LCPI3011A,0,0,0,0
LCPI3013A,0,0,0,0
LCPI3013B,0,0,0,0
LCPI3013C,0,0,0,0
LCPI9001,0,0,0,0
LCPI9100,0,0,0,0
LCPI9102,0,0,0,0
LCPI9101,0,0,0,0
LCPI9200,0,0,0,0
LCPI9201,0,0,0,0
LCPI9203,0,0,0,0
LCPI9202,0,0,0,0
LCPME2000,0,0,0,0
LCPI9204,0,0,0,0
LCPME2001,0,0,0,0
LCPME2003,0,0,0,0
LCPME2002,0,0,0,0
LCPME2004,0,0,0,0
LCPME2005,0,0,0,0
LCRIM2101,0,0,0,0
LCRIM2103,0,0,0,0
LCRIM2104,0,0,0,0
LCRIM2105,0,0,0,0
LCRIM2106,0,0,0,0
LCRIM2107,0,0,0,0
LCRIM2108,0,0,0,0
LCRIM2109,0,0,0,0
LCRIM2110,0,0,0,0
LCRIM2111,0,0,0,0
LCRIM2112,0,0,0,0
LCRIM2113,0,0,0,0
LCRIM2200,0,0,0,0
LCRIM2221,0,0,0,0
LCRIM2222,0,0,0,0
LCRIM2301,0,0,0,0
LCRIM2304,0,0,0,0
LCRIM2302,0,0,0,0
LCRIM2503,0,0,0,0
LDATA2010,0,0,0,0
LDATE2990,0,0,0,0
LDATS2310,0,0,0,0
LDATI2990,0,0,0,0
LDATS2350,0,0,0,0
LDATS2360,0,0,0,0
LDATS2370,0,0,0,0
LDATS2840,0,0,0,0
LDEMO2130,0,0,0,0
LDEMO2400,0,0,0,0
LDEMO2401,0,0,0,0
LDEMO2403,0,0,0,0
LDEMO2404,0,0,0,0
LDEMO2610,0,0,0,0
LDEMO2620,0,0,0,0
LDEMO2630,0,0,0,0
LDEMO2640,0,0,0,0
LDEMO2650,0,0,0,0
LDESF2202,0,0,0,0
LDREU2201,0,0,0,0
LDREU2202,0,0,0,0
LDREU2203,0,0,0,0
LDREU2205,0,0,0,0
LDREU2206,0,0,0,0
LDREU2207,0,0,0,0
LDREU2208,0,0,0,0
LDREU2209,0,0,0,0
LDREU2211,0,0,0,0
LDRHD2100,0,0,0,0
LDRHD2101,0,0,0,0
LDRHD2102,0,0,0,0
LDRHD2103,0,0,0,0
LDRHD2104,0,0,0,0
LDRHD2105,0,0,0,0
LDRHD2107,0,0,0,0
LDRHD2106,0,0,0,0
LDRHD2200,0,0,0,0
LDRHD2202,0,0,0,0
LDRHD2201,0,0,0,0
LDRHD2203,0,0,0,0
LDRHD2204,0,0,0,0
LDRHD2205,0,0,0,0
LDRHD2206,0,0,0,0
LDRHO3406,0,0,0,0
LDRHO3406M,0,0,0,0
LDRIN2001,0,0,0,0
LDRIN2002,0,0,0,0
LDROI1001A,0,0,0,0
LDRIN2200,0,0,0,0
LDROI1001B,0,0,0,0
LDROI1002A,0,0,0,0
LDROI1002T,0,0,0,0
LDROI1002B,0,0,0,0
LDROI1003,0,0,0,0
LDROI1004,0,0,0,0
LDROI1005,0,0,0,0
LDROI1006,0,0,0,0
LDROI1007,0,0,0,0
LDROI1008,0,0,0,0
LDROI1008L,0,0,0,0
LDROI1220,0,0,0,0
LDROI1051,0,0,0,0
LDROI1221,0,0,0,0
LDROI1222,0,0,0,0
LDROI1223,0,0,0,0
LDROI1225,0,0,0,0
LDROI1224,0,0,0,0
LDROI1226,0,0,0,0
LDROI1281,0,0,0,0
LDROI1282,0,0,0,0
LDROI1283,0,0,0,0
LDROI1301,0,0,0,0
LDROI1302,0,0,0,0
LDROI1303,0,0,0,0
LDROI1304,0,0,0,0
LDROI1305,0,0,0,0
LDROI1306,0,0,0,0
LDROI1307,0,0,0,0
LDROI1309,0,0,0,0
LDROI1308,0,0,0,0
LDROI1310,0,0,0,0
LDROI1500,0,0,0,0
LDROI1311,0,0,0,0
LDROI1503,0,0,0,0
LDROI1504,0,0,0,0
LDROI1505,0,0,0,0
LDROI1506,0,0,0,0
LDROI1510,0,0,0,0
LDROI1511,0,0,0,0
LDROI1515,0,0,0,0
LDROI1525,0,0,0,0
LDROI1535,0,0,0,0
LDROI1550,0,0,0,0
LDROI2100,0,0,0,0
LDROI2101,0,0,0,0
LDROI2102,0,0,0,0
LDROI2103,0,0,0,0
LDROI2104,0,0,0,0
LDROI2105,0,0,0,0
LDROI2106,0,0,0,0
LDROI2107,0,0,0,0
LDROI2108,0,0,0,0
LDROI2109,0,0,0,0
LDROI2200,0,0,0,0
LDROP2013,0,0,0,0
LDROP2021,0,0,0,0
LDROP2031,0,0,0,0
LDROP2041,0,0,0,0
LDROP2042,0,0,0,0
LDROP2043,0,0,0,0
LDROP2051,0,0,0,0
LDROP2061,0,0,0,1
LDROP2062,0,0,0,0
LDROP2063,1,0,1,0
LDROP2072,0,0,0,0
LDROP2081,0,0,0,0
LDROP2091,0,0,0,0
LDROP2092,0,0,0,0
LDROP2093,0,0,0,0
LDROP2101,0,0,0,0
LDROP2102,0,0,0,0
LDROP2103,0,0,0,0
LDROP2104,0,0,0,0
LDROP2122,0,0,0,0
LDROP2143,0,0,0,0
LDROP2152,0,0,0,0
LDROP2161,0,0,0,0
LDROP2162,0,0,0,0
LDROP2171,0,0,0,0
LDROP2172,0,0,0,0
LDROP2173,0,0,0,0
LDROP2182,0,0,0,0
LDROP2184,0,0,0,0
LDVLD1300,0,0,0,1
LDVLP2203,0,0,0,0
LDVLP2310,0,0,0,0
LDVLP2320,0,0,0,0
LDVLP2325,1,0,1,1
LDVLP2630,0,0,0,0
LDVLP2675,0,0,0,0
LDVLP2676,0,0,0,0
LDVLP2905,0,0,0,0
LDVLP2904,0,0,0,0
LEBIB2300,0,0,0,0
LECGE1112,0,0,0,0
LEBIB2400,0,0,0,0
LECGE1113,0,0,0,0
LECGE1114,0,0,0,0
LECGE1115,0,0,0,0
LECGE1121,0,0,0,0
LECGE1125,0,0,0,0
LECGE1212,0,0,0,0
LECGE1213,0,0,0,0
LECGE1215,0,0,0,0
LECGE1216,0,0,0,0
LECGE1217,0,0,0,0
LECGE1218,0,0,0,0
LECGE1219,0,0,0,0
LECGE1221,0,0,0,0
LECGE1222,0,0,0,0
LECGE1223,0,0,0,0
LECGE1226,0,0,0,0
LECGE1227,0,0,0,0
LECGE1224,0,0,0,0
LECGE1230,0,0,0,0
LECGE1228,0,0,0,0
LECGE1231,0,0,0,0
LECGE1232,0,0,0,0
LECGE1312,0,0,0,0
LECGE1315,0,0,0,0
LECGE1316,0,0,0,0
LECGE1317,0,0,0,0
LECGE1320,0,0,0,0
LECGE1321,0,0,0,0
LECGE1323,0,0,0,0
LECGE1324,0,0,0,0
LECGE1330,0,0,0,0
LECGE1331,0,0,0,0
LECGE1332,0,0,0,0
LECGE1333,0,0,0,0
LECGE1335,0,0,0,0
LECGE1334,0,0,0,0
LECGE1336,0,0,0,0
LECON2031,0,0,0,0
LECON2033,0,0,0,0
LECON2041,0,0,0,0
LECON2051,0,0,0,0
LECON2061,0,0,0,0
LECON2065,0,0,0,0
LECON2067,0,0,0,0
LECON2163,0,0,0,0
LECON2165,0,0,0,0
LECON2257,0,0,0,1
LECON2314,0,0,0,0
LECON2167,0,0,0,0
LECON2340,0,0,0,0
LECON2342,0,0,0,0
LECON2351,0,0,0,0
LECON2352,0,0,0,0
LECON2500A,0,0,0,0
LECON2600,0,0,0,0
LECON2500B,0,0,0,0
LECON2701,0,0,0,0
LECON2702,0,0,0,0
LECON2704,0,0,0,0
LECON2703,0,0,0,0
LECON2705,0,0,0,0
LECON2821,0,0,0,0
LECON2825,0,0,0,0
LECON2826,0,0,0,0
LECON2910A,0,0,0,0
LECON2910,0,0,0,0
LECON2910B,0,0,0,0
LECRI1501,0,0,0,0
LECON2950,0,0,0,0
LECRI1502,0,0,0,0
LECRI1503,0,0,0,0
LECRI1504,0,0,0,0
LECRI1505,0,0,0,0
LECRI1508,0,0,0,0
LECSO2310,0,0,0,0
LECSO2320,0,0,0,0
LECSO2330,0,0,0,1
LECSO2900,0,0,0,0
LECSO2901,0,0,0,0
LECSO2902,0,0,0,0
LECSO2903,0,0,0,0
LEDEV2111,0,0,0,0
LEDEV2101,0,0,0,0
LEDEV2120,0,0,0,0
LEDEV2112,0,0,0,0
LEDEV2121,0,0,0,0
LEDEV2123,0,0,0,0
LEDEV2130,0,0,0,0
LEDEV2132,0,0,0,0
LEDEV2131,0,0,0,0
LEDEV2150,0,0,0,0
LEDPH1001,0,0,0,0
LEDEV2833,0,0,0,0
LEDPH1002,0,0,0,0
LEDPH1003,0,0,0,0
LEDPH1004,0,0,0,0
LEDPH1005,0,0,0,0
LEDPH1006,0,0,0,0
LEDPH1007,0,0,0,0
LEDPH1008,0,0,0,0
LEDPH1009,0,0,0,0
LEDPH1021,0,0,0,0
LEDPH1022,0,0,0,0
LEDPH1023,0,0,0,0
LEDPH1024,0,0,0,0
LEDPH1025,0,0,0,0
LEDPH1026,0,0,0,0
LEDPH1028,0,0,0,0
LEDPH1029,0,0,0,0
LEDPH1030,0,0,0,0
LEDPH1032,0,0,0,0
LEDPH1031,0,0,0,0
LEDPH1033,0,0,0,0
LEDPH1041,0,0,0,0
LEDPH1042,0,0,0,0
LEDPH1043,0,0,0,0
LEDPH1044,0,0,0,0
LEDPH1047,0,0,0,0
LEDPH1045,0,0,0,0
LEDPH1048,0,0,0,0
LEDPH1052,0,0,0,0
LEDPH1053,0,0,0,0
LEDPH1222,0,0,0,0
LEDPH1322,0,0,0,0
LEDPH1323,0,0,0,0
LEDPH2130,0,0,0,0
LEDPH2131,0,0,0,0
LEDPH2132,0,0,0,0
LEDPH2133,0,0,0,0
LEDPH2135,0,0,0,0
LEDPH2134,0,0,0,0
LEDPH2136,0,0,0,0
LEDPH2138,0,0,0,0
LEDPH2137,0,0,0,0
LEDPH2139,0,0,0,0
LEDPH2189,0,0,0,0
LEDPH2237,0,0,0,0
LEDPH2289,0,0,0,0
LEDPH2299,0,0,0,0
LEDPH9001,0,0,0,0
LEDPH2330,0,0,0,0
LEDPH9012,0,0,0,0
LEDPH9013,0,0,0,0
LELAT2898,0,0,0,0
LELEC1101,0,0,0,0
LELEC1310,0,0,0,0
LELEC1360,0,0,0,0
LELEC1370,0,0,0,0
LELEC1530,0,0,0,0
LELEC1755,0,0,0,0
LELEC1930,0,0,0,0
LELEC2103,0,0,0,0
LELEC2311,0,0,0,0
LELEC2531,0,0,0,0
LELEC2541,0,0,0,0
LELEC2560,0,0,0,0
LELEC2550,0,0,0,0
LELEC2660,0,0,0,0
LELEC2710,0,0,0,0
LELEC2795,0,0,0,0
LELEC2811,0,0,0,0
LELEC2870,0,0,0,0
LELEC2895,0,0,0,0
LELEC2900,0,0,0,0
LELME2002,0,0,0,0
LELEC2990,0,0,0,0
LELME2003,0,0,0,0
LELME2990,0,0,0,0
LENVI2002,0,0,0,1
LENVI2004,0,0,0,0
LENVI2005,1,0,0,0
LENVI2006,0,0,0,1
LENVI2007,0,1,0,0
LENVI2010,1,0,0,1
LENVI2011,0,0,0,0
LENVI2012,0,0,0,0
LENVI2101,1,0,0,1
LENVI2099,0,0,0,0
LENVI2199,0,0,0,0
LEPL1101,0,0,0,0
LEPL1102,0,0,0,0
LEPL1104,0,0,0,0
LEPL1105,0,0,0,0
LEPL1106,0,0,0,0
LEPL1109,0,0,0,0
LEPL1110,0,0,0,0
LEPL1201,0,0,0,0
LEPL1202,0,0,0,0
LEPL1301,0,0,0,0
LEPL1402,0,0,0,0
LEPL1203A,0,0,0,0
LEPL1503,0,0,0,0
LEPL1509,0,0,0,0
LEPL1803,0,0,0,0
LEPL1804,1,1,0,1
LEPL1805,0,0,0,0
LESPA1100,0,0,0,0
LESPA1101,0,0,0,0
LESPA1230,0,0,0,0
LESPA1102,0,0,0,0
LESPA1300,0,0,0,0
LESPA1302,0,0,0,0
LESPA1301,0,0,0,0
LESPA1330,0,0,0,0
LESPA1331,0,0,0,0
LESPA1332,0,0,0,0
LESPA1500,0,0,0,0
LESPA1600,0,0,0,0
LESPA1704,0,0,0,0
LESPA1532,0,0,0,0
LESPA1803,0,0,0,0
LESPA2412,0,0,0,0
LESPO1113,0,0,0,0
LESPA2601,0,0,0,0
LESPO1114,0,0,0,0
LESPO1122,0,0,0,0
LESPO1321,0,0,0,0
LESPO2100,0,0,0,0
LESPO2103,0,0,0,0
LESPO2211,0,0,0,0
LETRI2900,0,0,0,0
LETES2000,0,0,0,0
LETRI2910,0,0,0,0
LEURO1201,0,0,0,0
LEURO1202,0,0,0,0
LEURO1301,0,0,0,0
LEURO1302,0,0,0,0
LEURO1304,0,0,0,0
LEUSL2001,0,0,0,0
LEUSL2003,0,0,0,0
LEUSL2010,0,0,0,0
LEUSL2011,0,0,0,0
LEUSL2012,0,0,0,0
LEUSL2015,0,0,0,0
LEUSL2014,0,0,0,0
LEUSL2020,0,0,0,0
LEUSL2016,0,0,0,0
LEUSL2021,0,0,0,0
LEUSL2023,0,0,0,0
LEUSL2031,0,0,0,0
LEUSL2022,0,0,0,0
LEUSL2030,0,0,0,0
LEUSL2040,0,0,0,0
LEUSL2041,0,0,0,0
LEUSL2043,0,0,0,0
LEUSL2050,0,0,0,0
LEUSL2051,0,0,0,0
LEUSL2103,0,0,0,0
LEUSL2104,0,0,0,0
LEUSL2106,0,0,0,0
LEUSL2111,0,0,0,0
LEUSL2107,0,0,0,0
LEUSL2112,0,0,0,0
LEUSL2113,0,0,0,0
LEUSL2202,0,0,0,0
LEUSL2303,0,0,0,0
LEUSL2306,0,0,0,0
LEUSL2702,0,0,0,0
LEUSL2701,0,0,0,0
LEUSL2703,0,0,0,0
LEUSL2704,0,0,0,0
LEUSL2712,0,0,0,0
LEUSL2706,0,0,0,0
LEUSL2719,0,0,0,0
LEUSL2800,0,0,0,0
LEUSL2801,0,0,0,0
LFIAL1130,0,0,0,0
LEUSL3001,0,0,0,0
LFIAL1140,0,0,0,0
LFIAL1156,0,0,0,0
LFIAL1155,0,0,0,0
LFIAL1170,0,0,0,0
LFIAL1172,0,0,0,0
LFIAL1175,0,0,0,0
LFIAL1180,0,0,0,0
LFIAL1181,0,0,0,0
LFIAL1190,0,0,0,0
LFIAL1280,0,0,0,0
LFIAL1281,0,0,0,0
LFIAL1330,0,0,0,0
LFIAL1390,0,0,0,0
LFIAL1421,0,0,0,0
LFIAL1422,0,0,0,0
LFIAL1423,0,0,0,0
LFIAL1424,0,0,0,0
LFIAL1430,0,0,0,0
LFIAL1530,0,0,0,0
LFIAL1550,0,0,0,0
LFIAL1560,0,0,0,0
LFIAL1550A,0,0,0,0
LFIAL1770,0,0,0,0
LFIAL2150,0,0,0,0
LFIAL2180,0,0,0,0
LFIAL2181,0,0,0,0
LFIAL2230,0,0,0,0
LFIAL2280,0,0,0,0
LFIAL2260,0,0,0,0
LFIAL2292,0,0,0,0
LFIAL2551,0,0,0,0
LFIAL2552,0,0,0,0
LFIAL2711,0,0,0,0
LFIAL2994,0,0,0,0
LFILO1111,0,0,0,0
LFILO1112,0,0,0,0
LFILO1120,0,0,0,0
LFILO1130,0,0,0,0
LFILO1140,0,0,0,0
LFILO1160,0,0,0,0
LFILO1170,0,0,0,0
LFILO1220,0,0,0,0
LFILO1223,0,0,0,0
LFILO1224,0,0,0,0
LFILO1230,0,0,0,0
LFILO1235,0,0,0,0
LFILO1240,0,0,0,0
LFILO1250,0,0,0,0
LFILO1250A,0,0,0,0
LFILO1310,0,0,0,0
LFILO1300,0,0,0,0
LFILO1320,0,0,0,0
LFILO1330,0,0,0,0
LFILO1340,0,0,0,0
LFILO1360,0,0,0,0
LFILO1370,0,0,0,0
LFILO2003,0,0,0,0
LFILO2005,0,0,0,0
LFILO2003E,0,0,0,0
LFILO2006,0,0,0,0
LFILO2008,0,0,0,0
LFILO2007,0,0,0,0
LFILO2130,0,0,0,0
LFILO2009,0,0,0,0
LFILO2131,0,0,0,0
LFILO2140,0,0,0,0
LFILO2141,0,0,0,0
LFILO2170,0,0,0,0
LFILO2180,0,0,0,0
LFILO2181,0,0,0,0
LFILO2190,1,0,0,0
LFILO2191,0,0,0,0
LFILO2200,0,0,0,0
LFILO2201,0,0,0,0
LFILO2211,0,0,0,0
LFILO2210,0,0,0,0
LFILO2230,0,0,0,0
LFILO2240,0,0,0,0
LFILO2241,0,0,0,0
LFILO2250,0,0,0,0
LFILO2251,0,0,0,0
LFILO2280,0,0,0,0
LFILO2290,0,0,0,0
LFILO2291,0,0,0,0
LFILO2300,0,0,0,0
LFILO2310,0,0,0,0
LFILO2313,0,0,0,0
LFILO2360,1,0,0,0
LFILO2361,0,0,0,0
LFILO2370,0,0,0,0
LFILO2371,0,0,0,0
LFILO2520,0,0,0,0
LFILO2540,0,0,0,0
LFILO2530,0,0,0,0
LFILO2600,0,0,0,0
LFILO2601,0,0,0,0
LFILO2900,0,0,0,0
LFILO2910,0,0,0,0
LFILO2920,0,0,0,0
LFILO2930,0,0,0,0
LFILO2940,0,0,0,0
LFILO2950,0,0,0,0
LFILO2960,0,0,0,0
LFILO2970,0,0,0,0
LFLE2892,0,0,0,0
LFILO9001,0,0,0,0
LFOPA2001,0,0,0,0
LFOPA2002,0,0,0,0
LFOPA2003,0,0,0,0
LFOPA2005,0,0,0,0
LFOPA2006,0,0,0,0
LFOPA2007,0,0,0,0
LFOPA2010,0,0,0,0
LFOPA2011,0,0,0,0
LFOPA2910,0,0,0,0
LFOPA2911,0,0,0,0
LFOPA2912,0,0,0,0
LFOPA2913,0,0,0,0
LFOPA2914,0,0,0,0
LFOPA2915,0,0,0,0
LFOPA2921,0,0,0,0
LFOPA2920,0,0,0,0
LFOPA2923,0,0,0,0
LFOPA2922,0,0,0,0
LFOPA2925,0,0,0,0
LFOPA2924,0,0,0,0
LFOPA2927,0,0,0,0
LFOPA2926,0,0,0,0
LFOPA3201,0,0,0,0
LFOPA3200,0,0,0,0
LFOPA9301,0,0,0,0
LFOPC2100,0,0,0,0
LFOPC2000,0,0,0,0
LFOPC2202,0,0,0,0
LFSA1290,0,0,0,0
LFSA2202,0,0,0,0
LFSA2140,0,0,0,0
LFSA2210,0,0,0,0
LFSA2212,0,0,0,0
LFSA2245,0,0,0,1
LFSA2995,0,0,0,0
LFUSL1302,0,0,0,0
LFUSL1301,0,0,0,0
LFUSL1304,0,0,0,0
LFUSL1305,0,0,0,0
LFYAP2990,0,0,0,0
LGBIO1111,0,0,0,0
LGBIO1112,0,0,0,0
LGBIO1113,0,0,0,0
LGBIO1114,0,0,0,0
LGBIO1115,0,0,0,0
LGBIO2010,0,0,0,0
LGBIO2020,0,0,0,0
LGBIO2030,0,0,0,0
LGBIO2030A,0,0,0,0
LGBIO2040,0,0,0,0
LGBIO2050,0,0,0,0
LGBIO2060,0,0,0,0
LGBIO2220,0,0,0,0
LGBIO2990,0,0,0,0
LGCIV1022,0,0,0,0
LGCE2990,0,0,0,0
LGCIV1023,0,0,0,0
LGCIV1031,0,0,0,0
LGCIV1032,0,0,0,0
LGCIV1032B,0,0,0,0
LGCIV1051,0,0,0,0
LGCIV1051A,0,0,0,0
LGCIV1072,0,0,0,0
LGCIV2011,0,0,0,0
LGCIV2012,0,0,0,0
LGCIV2013,0,0,0,0
LGCIV2014,0,0,0,0
LGCIV2033,0,0,0,0
LGCIV2041,0,0,0,0
LGCIV2043,0,0,0,0
LGCIV2051,0,0,0,0
LGCIV2071,0,0,0,0
LGCIV2073,0,0,0,0
LGCIV2072,0,0,0,0
LGENR2100,0,0,0,0
LGENR2900,0,0,0,0
LGENR2901,0,0,0,0
LGEO1111,0,0,0,0
LGEO1181,0,0,0,0
LGEO1221,0,0,0,0
LGEO1231,0,0,0,0
LGEO1241,0,0,0,0
LGEO1251,0,0,0,0
LGEO1242,0,0,0,0
LGEO1252,0,0,0,0
LGEO1321,0,0,0,0
LGEO1322,0,0,0,0
LGEO1323,0,0,0,0
LGEO1332,1,0,0,0
LGEO1332A,1,0,0,0
LGEO1331,0,0,0,0
LGEO1341,0,0,0,0
LGEO1342,0,0,0,0
LGEO1343,0,0,0,0
LGEO1381,0,0,0,0
LGEO2110,0,0,0,1
LGEO2110B,0,0,0,1
LGEO2120,0,0,0,0
LGEO2140,0,0,0,0
LGEO2130,0,0,0,0
LGEO2160,0,0,0,0
LGEO2170,0,0,0,0
LGEO2185,0,0,0,0
LGEO2211,0,0,0,0
LGEO2210,0,1,0,1
LGEO2220,0,0,0,0
LGEO2230,0,0,0,0
LGEO2240,0,0,0,0
LGEO2250,0,0,0,0
LGEO2270,0,0,0,0
LGEO2310,0,0,0,0
LGEO2320,0,0,0,0
LGEO2320A,0,0,0,0
LGEO2320B,0,0,0,0
LGEO2330,0,0,0,0
LGEO2400,0,0,0,0
LGEO2997,0,0,0,0
LGEO2995,0,0,0,0
LGEO2998,0,0,0,0
LGEO2999,0,0,0,0
LGERM1113,0,0,0,0
LGERM1116,0,0,0,0
LGERM1114,0,0,0,0
LGERM1123,0,0,0,0
LGERM1124,0,0,0,0
LGERM1126,0,0,0,0
LGERM1133,0,0,0,0
LGERM1134,0,0,0,0
LGERM1136,0,0,0,0
LGERM1313,0,0,0,0
LGERM1314,0,0,0,0
LGERM1317,0,0,0,0
LGERM1315,0,0,0,0
LGERM1324,0,0,0,0
LGERM1327,0,0,0,0
LGERM1325,0,0,0,0
LGERM1328,0,0,0,0
LGERM1333,0,0,0,0
LGERM1334,0,0,0,0
LGERM1335,0,0,0,0
LGERM1501,0,0,0,0
LGERM1337,0,0,0,0
LGERM1502,0,0,0,0
LGERM1503,0,0,0,0
LGERM1513,0,0,0,0
LGERM1515,0,0,0,0
LGERM1514,0,0,0,0
LGERM1524,0,0,0,0
LGERM1525,0,0,0,0
LGERM1528,0,0,0,0
LGERM1533,0,0,0,0
LGERM1534,0,0,0,0
LGERM1535,0,0,0,0
LGERM2521,0,0,0,0
LGERM2522,0,0,0,0
LGERM2710,0,0,0,0
LGERM2523,0,0,0,0
LGERM2712,0,0,0,0
LGERM2711,0,0,0,0
LGERM2714,0,0,0,0
LGERM2715,0,0,0,0
LGERM2716,1,0,0,0
LGERM2720,0,0,0,0
LGERM2722,0,0,0,0
LGERM2723,0,0,0,0
LGERM2726,1,0,0,0
LGERM2730,0,0,0,0
LGERM2724,0,0,0,0
LGERM2732,0,0,0,0
LGERM2731,0,0,0,0
LGERM2736,0,0,0,0
LGERM2739,0,0,0,0
LGERM2814,0,0,0,0
LGERM2823,0,0,0,0
LGERM2824,0,0,0,0
LGERM2826,0,0,0,0
LGERM2829,0,0,0,0
LGERM2992,0,0,0,0
LGERM2835,0,0,0,0
LGERM9000,0,0,0,0
LGERM2998,0,0,0,0
LGERM9005,0,0,0,0
LGERM9001,0,0,0,0
LGLOR1110,0,0,0,0
LGLOR1120,0,0,0,0
LGLOR1142,0,0,0,0
LGLOR1143,0,0,0,0
LGLOR1172,0,0,0,0
LGLOR1173,0,0,0,0
LGLOR1210,0,0,0,0
LGLOR1241,0,0,0,0
LGLOR1271,0,0,0,0
LGLOR1341,0,0,0,0
LGLOR1431,0,0,0,0
LGLOR1371,0,0,0,0
LGLOR1442,0,0,0,0
LGLOR1481,0,0,0,0
LGLOR1482,0,0,0,0
LGLOR1491,0,0,0,0
LGLOR1511,0,0,0,0
LGLOR1492,0,0,0,0
LGLOR1512,0,0,0,0
LGLOR1521,0,0,0,0
LGLOR1531,0,0,0,0
LGLOR1522,0,0,0,0
LGLOR1541,0,0,0,0
LGLOR1542,0,0,0,0
LGLOR1611,0,0,0,0
LGLOR1612,0,0,0,0
LGLOR1621,0,0,0,0
LGLOR1622,0,0,0,0
LGLOR1631,0,0,0,0
LGLOR1632,0,0,0,0
LGLOR1641,0,0,0,0
LGLOR1641A,0,0,0,0
LGLOR1642,0,0,0,0
LGLOR1642A,0,0,0,0
LGLOR1651,0,0,0,0
LGLOR1652,0,0,0,0
LGLOR1660,0,0,0,0
LGLOR1661,0,0,0,0
LGLOR1662,0,0,0,0
LGLOR1661A,0,0,0,0
LGLOR1662A,0,0,0,0
LGLOR1671,0,0,0,0
LGLOR1672,0,0,0,0
LGLOR2171,0,0,0,0
LGLOR2204,0,0,0,0
LGLOR2240,0,0,0,0
LGLOR2241,0,0,0,0
LGLOR2270,0,0,0,0
LGLOR2390,0,0,0,0
LGLOR2272,0,0,0,0
LGLOR2431,0,0,0,0
LGLOR2432,0,0,0,0
LGLOR2501,0,0,0,0
LGLOR2442,0,0,0,0
LGLOR2441,0,0,0,0
LGLOR2502,0,0,0,0
LGLOR2503,0,0,0,0
LGLOR2511,0,0,0,0
LGLOR2512,0,0,0,0
LGLOR2521,0,0,0,0
LGLOR2522,0,0,0,0
LGLOR2532,0,0,0,0
LGLOR2523,0,0,0,0
LGLOR2534,0,0,0,0
LGLOR2540,0,0,0,0
LGLOR2540A,0,0,0,0
LGLOR2541,0,0,0,0
LGLOR2544,0,0,0,0
LGLOR2543,0,0,0,0
LGLOR2550,0,0,0,0
LGLOR2613,0,0,0,0
LGLOR2614,0,0,0,0
LGLOR2615,0,0,0,0
LGLOR2623,0,0,0,0
LGLOR2616,0,0,0,0
LGLOR2624,0,0,0,0
LGLOR2625,0,0,0,0
LGLOR2626,0,0,0,0
LGLOR2631,0,0,0,0
LGLOR2643,0,0,0,0
LGLOR2632,0,0,0,0
LGLOR2644,0,0,0,0
LGLOR2645,0,0,0,0
LGLOR2653,0,0,0,0
LGLOR2646,0,0,0,0
LGLOR2655,0,0,0,0
LGLOR2654,0,0,0,0
LGLOR2656,0,0,0,0
LGLOR2661,0,0,0,0
LGLOR2662,0,0,0,0
LGLOR2671,0,0,0,0
LGLOR2672,0,0,0,0
LGLOR2677,0,0,0,0
LGLOR2678,0,0,0,0
LGLOR2681,0,0,0,0
LGLOR2711,0,0,0,0
LGLOR2712,0,0,0,0
LGLOR2722,0,0,0,0
LGLOR2721,0,0,0,0
LGLOR2731,0,0,0,0
LGLOR2732,0,0,0,0
LGLOR2745,0,0,0,0
LGLOR2743,0,0,0,0
LGLOR2751,0,0,0,0
LGLOR2761,0,0,0,0
LGLOR2752,0,0,0,0
LGLOR2764,0,0,0,0
LGLOR2771,0,0,0,0
LGLOR2772,0,0,0,0
LGLOR2781,0,0,0,0
LGLOR2782,0,0,0,0
LGLOR2791,0,0,0,0
LGLOR2801,0,0,0,0
LGLOR2792,0,0,0,0
LGLOR2802,0,0,0,0
LGLOR2911,0,0,0,0
LGLOR2849,0,0,0,0
LGLOR2912,0,0,0,0
LGLOR2921,0,0,0,0
LGLOR2932,0,0,0,0
LGLOR2942,0,0,0,0
LGLOR2941,0,0,0,0
LGLOR2943,0,0,0,0
LGLOR9005,0,0,0,0
LGLOR9001,0,0,0,0
LGRBE2002,0,0,0,0
LGRBE2001,0,0,0,0
LGRBE2004,0,0,0,0
LGRBE2003,0,0,0,0
LGRBE2005,0,0,0,0
LGRBE2101,0,0,0,0
LGRBE2007,0,0,0,0
LGRBE2103,0,0,0,0
LGRBE2104,0,0,0,0
LGRBE2104P,0,0,0,0
LGRBE2201,0,0,0,0
LGRBE2202,0,0,0,0
LGRBE2203,0,0,0,0
LGRBE2204,0,0,0,0
LGRBE2205,0,0,0,0
LGRBE2206,0,0,0,0
LGRBE2302,0,0,0,0
LGRBE2301,0,0,0,0
LGRBE2303,0,0,0,0
LGRBE2304,0,0,0,0
LGRBE2305,0,0,0,0
LGREC1100,0,0,0,0
LGRBE2306,0,0,0,0
LGREC1300,0,0,0,0
LGRH2900A,0,0,0,0
LGRH2900B,0,0,0,0
LGRH2910,0,0,0,0
LHAGI2540,0,0,0,0
LHART2220,0,0,0,0
LHART2240,0,0,0,0
LHART2230,0,0,0,0
LHART2270,0,0,0,0
LHART2300,0,0,0,0
LHART2310,0,0,0,0
LHART2320,0,0,0,0
LHART2360,0,0,0,0
LHART2340,0,0,0,0
LHART2370,0,0,0,0
LHART2350,0,0,0,0
LHART2380,0,0,0,0
LHART2410,0,0,0,0
LHART2420,0,0,0,0
LHART2682,0,0,0,0
LHART2683,0,0,0,0
LHIST1130,0,0,0,0
LHIST1140,0,0,0,0
LHIST1160,0,0,0,0
LHIST1210,0,0,0,0
LHIST1211,0,0,0,0
LHIST1241,0,0,0,0
LHIST1242,0,0,0,0
LHIST1243,0,0,0,0
LHIST1244,0,0,0,0
LHIST1320,0,0,0,0
LHIST1331,0,0,0,0
LHIST1333,0,0,0,0
LHIST1332,0,0,0,0
LHIST1340,0,0,0,0
LHIST1334,0,0,0,0
LHIST1391,0,0,0,0
LHIST1391A,0,0,0,0
LHIST1393,0,0,0,0
LHIST1392,0,0,0,0
LHIST1392A,0,0,0,0
LHIST1393A,0,0,0,0
LHIST1394A,0,0,0,0
LHIST1394,0,0,0,0
LHIST1395,0,0,0,0
LHIST1395A,0,0,0,0
LHIST1420,0,0,0,0
LHIST2180,0,0,0,0
LHIST2160,0,0,0,0
LHIST2210,0,0,0,0
LHIST2260,0,0,0,0
LHIST2270,0,0,0,0
LHIST2280,0,0,0,0
LHIST2311,0,0,0,0
LHIST2313,0,0,0,0
LHIST2321,0,0,0,0
LHIST2322,0,0,0,0
LHIST2362,0,0,0,0
LHIST2361,0,0,0,0
LHIST2363,0,0,0,0
LHIST2364,0,0,0,0
LHIST2371,0,0,0,0
LHIST2372,0,0,0,0
LHIST2373,0,0,0,0
LHIST2374,0,0,0,0
LHIST2401,0,0,0,0
LHIST2450,0,0,0,0
LHIST2430,0,0,0,0
LHIST2560,0,0,0,0
LHIST2570,0,0,0,0
LHIST2713,0,0,0,0
LHIST2721,0,0,0,0
LHIST2731,0,0,0,0
LHIST2732,0,0,0,0
LHIST2733,0,0,0,0
LHIST2898,0,0,0,0
LHIST2892,0,0,0,0
LHIST9001,0,0,0,0
LHIST2990,0,0,0,0
LHOOV2212,0,0,0,0
LHORI2892,0,0,0,0
LHORI1399,0,0,0,0
LHORI2898,0,0,0,0
LHUMA2300,0,0,0,0
LHUMA2320,0,0,0,0
LHUMA2310,0,0,0,0
LHUMA2330,0,0,0,0
LHUMA2340,0,0,0,0
LHUMA2350,0,0,0,0
LHUMA2370,0,0,0,0
LHUMA2360,0,0,0,0
LHUMA2390,0,0,0,0
LHUMA2380,0,0,0,0
LHUSO1125,0,0,0,0
LHUMA2900,0,0,0,0
LICAR1101,0,0,0,0
LICAR1104,0,0,0,0
LICAR1102,0,0,0,0
LICAR1111,0,0,0,0
LICAR1201,0,0,0,0
LICAR1202,0,0,0,0
LICAR1203,0,0,0,0
LICAR1302,0,0,0,0
LICAR1303,0,0,0,0
LICAR1501,0,0,0,0
LICAR1304,0,0,0,0
LICAR1502,0,0,0,0
LICAR1503,0,0,0,0
LICAR1601,0,0,0,0
LICAR1504,0,0,0,0
LICAR1602,0,0,0,0
LICAR1603,0,0,0,0
LICAR1604,0,0,0,0
LICAR1605,0,0,0,1
LICAR1606,0,0,0,0
LICAR1607,0,0,0,0
LICAR1701,0,0,0,0
LICAR1702,0,0,0,0
LICAR1711,0,0,0,0
LICAR1801,0,0,0,0
LICAR1812,0,0,0,0
LICAR1821,0,0,0,0
LICAR2000,0,0,0,0
LICAR2201,0,0,0,0
LICAR2102,0,0,0,0
LICAR2101,0,0,0,0
LICAR2301,0,0,0,0
LICAR2303,0,0,0,0
LICAR2312,0,0,0,0
LICAR2601,0,0,0,0
LICAR2602,0,0,0,0
LICAR2711,0,0,0,0
LICAR2801,0,1,0,1
LICAR2901,0,0,0,0
LICAR2902,0,0,0,0
LICAR2901A,0,0,0,0
LIEPR1001,0,0,0,0
LIEPR1002,0,0,0,0
LIEPR1003,0,0,0,0
LIEPR1004,0,0,0,0
LIEPR1004A,0,0,0,0
LIEPR1006,0,0,0,0
LIEPR1007,0,0,0,0
LIEPR1011,0,0,0,0
LIEPR1012,0,0,0,0
LIEPR1021,0,0,0,0
LIEPR1022,0,0,0,0
LIEPR1023,0,0,0,0
LIEPR1023A,0,0,0,0
LIEPR1024,0,0,0,0
LIEPR1025,0,0,0,0
LIEPR1026,0,0,0,0
LIEPR1027,0,0,0,0
LIEPR1028,0,0,0,0
LIEPR2236,0,0,0,0
LINFO1001,0,0,0,0
LINFO1002,0,0,0,0
LINFO1101,0,0,0,0
LINFO1103,0,0,0,0
LINFO1104,0,0,0,0
LINFO1111,0,0,0,0
LINFO1112,0,0,0,0
LINFO1113,0,0,0,0
LINFO1114,0,0,0,0
LINFO1115,0,0,0,0
LINFO1121,0,0,0,0
LINFO1122,0,0,0,0
LINFO1123,0,0,0,0
LINFO1131,0,0,0,0
LINFO1140,0,0,0,0
LINFO1210,0,0,0,0
LINFO1212,0,0,0,0
LINFO1225,0,0,0,0
LINFO1252,0,0,0,0
LINFO1311,0,0,0,0
LINFO1341,0,0,0,0
LINFO1361,0,0,0,0
LINGE1113,0,0,0,0
LINGE1114,0,0,0,0
LINGE1115,0,0,0,0
LINGE1121,0,0,0,0
LINGE1122,0,0,0,0
LINGE1125,0,0,0,0
LINGE1213,0,0,0,0
LINGE1214,0,0,0,0
LINGE1216,0,0,0,0
LINGE1221,0,0,0,0
LINGE1222,0,0,0,0
LINGE1223,0,0,0,0
LINGE1224,0,0,0,0
LINGE1225,0,0,0,0
LINGE1315,0,0,0,0
LINGE1317,0,1,0,0
LINGE1316,0,0,0,0
LINGE1321,0,0,0,0
LINGE1322,0,0,0,0
LINGE1327,0,0,0,0
LINGI2132,0,0,0,0
LINGI2172,0,0,0,0
LINGI2241,0,0,0,0
LINGI2255,0,0,0,0
LINGI2261,0,0,0,0
LINGI2262,0,0,0,0
LINGI2315,0,0,0,0
LINGI2349,0,0,0,0
LINGI2364,0,0,0,0
LINGI2359,0,0,0,0
LINGI2369,0,0,0,0
LINGI2401,0,0,0,0
LINGI2399,0,0,0,0
LINGI2990,0,0,0,0
LINGI2402,0,0,0,0
LINMA1170,0,0,0,0
LINMA1315,0,0,0,0
LINMA1510,0,0,0,0
LINMA1691,0,0,0,0
LINMA1702,0,0,0,0
LINMA1731,0,0,0,0
LINMA2120,0,0,0,0
LINMA2171,0,0,0,0
LINMA2370,0,0,0,0
LINMA2380,0,0,0,0
LINMA2470,0,0,0,0
LINMA2471,0,0,0,0
LINMA2472,0,0,0,0
LINMA2510,0,0,0,0
LINMA2710,0,0,0,0
LINMA2725,0,0,0,0
LINTP2000,0,0,0,0
LINMA2990,0,0,0,0
LINTP2001,0,0,0,0
LINTP2220,0,0,0,0
LINTP2210,0,0,0,0
LINTP2230,0,0,0,0
LINTP2240,0,0,0,0
LINTP2270,0,0,0,0
LINTP2260,0,0,0,0
LINTP2310,0,0,0,0
LINTP2290,0,0,0,0
LINTP2330,0,0,0,0
LINTP2320,0,0,0,0
LINTP2360,0,0,0,0
LINTP2340,0,0,0,0
LINTP2391,0,0,0,0
LINTP2370,0,0,0,0
LINTP2410,0,0,0,0
LINTP2430,0,0,0,0
LINTP2420,0,0,0,0
LINTP2440,0,0,0,0
LINTP2460,0,0,0,0
LINTP2470,0,0,0,0
LINTP2491,0,0,0,0
LINTP2501,0,0,0,0
LINTP2502,0,0,0,0
LINTP2504,0,0,0,0
LINTP2503,0,0,0,0
LINTP2505,0,0,0,0
LINTP2511,0,0,0,0
LINTP2512,0,0,0,0
LINTP2514,0,0,0,0
LINTP2513,0,0,0,0
LINTP2515,0,0,0,0
LINTP2800,0,0,0,0
LINTP2900,0,0,0,0
LINTP2903,0,0,0,0
LINTP2904,0,0,0,0
LITAL1001,0,0,0,0
LITA1000,0,0,0,0
LITAL1100,0,0,0,0
LITAL1300,0,0,0,0
LJAPO1100,0,0,0,0
LITAL2412,0,0,0,0
LJAPO1300,0,0,0,0
LJAPO1500,0,0,0,0
LKIMA2990,0,0,0,0
LKINE1002,0,0,0,0
LKINE1003,0,0,0,0
LKINE1004,0,0,0,0
LKINE1005,0,0,0,0
LKINE1006,0,0,0,0
LKINE1011,0,0,0,0
LKINE1012,0,0,0,0
LKINE1021,0,0,0,0
LKINE1022,0,0,0,0
LKINE1023,0,0,0,0
LKINE1024,0,0,0,0
LKINE1025,0,0,0,0
LKINE1026,0,0,0,0
LKINE1027,0,0,0,0
LKINE1031,0,0,0,0
LKINE1033,0,0,0,0
LKINE1036,0,0,0,0
LKINE1038,0,0,0,0
LKINE1039,0,0,0,0
LKINE1041,0,0,0,0
LKINE1234,0,0,0,0
LKINE1040,0,0,0,0
LKINE1300,0,0,0,0
LKINE1390A,0,0,0,0
LKINE1390B,0,0,0,0
LKINE1396,0,0,0,0
LKINE1390C,0,0,0,0
LKINE2127,0,0,0,0
LKINE2108,0,0,0,0
LKINE2129,0,0,0,0
LKINE2138,0,0,0,0
LKINE2148,0,0,0,0
LKINE2158,0,0,0,0
LKINE2168,0,0,0,0
LKINE2189,0,0,0,0
LKINE2188,0,0,0,0
LKINE2195A,0,0,0,0
LKINE2190,0,0,0,0
LKINE2195B,0,0,0,0
LKINE2195C,0,0,0,0
LKINE2196,0,0,0,0
LKINE2199,0,0,0,0
LKINE9034,0,0,0,0
LLAFR1599,0,0,0,0
LKINE9035,0,0,0,0
LLAFR2898,0,0,0,0
LLAFR2892,0,0,0,0
LLING2891,0,0,0,0
LLING2896,0,0,0,0
LLING2892,0,0,0,0
LLING9996,0,0,0,0
LLMOD1399,0,0,0,0
LLMOD2190,0,0,0,0
LLMQS2006,0,0,0,0
LLOCI2005,0,0,0,0
LLOCI2004,0,0,0,0
LLOGO1111,0,0,0,0
LLOGO1112A,0,0,0,0
LLOGO1112B,0,0,0,0
LLOGO1211,0,0,0,0
LLOGO1212,0,0,0,0
LLOGO1214,0,0,0,0
LLOGO1215,0,0,0,0
LLOGO1311,0,0,0,0
LLOGO1216,0,0,0,0
LLOGO1316,0,0,0,0
LLOGO1318,0,0,0,0
LLOGO1322,0,0,0,0
LLOGO1321,0,0,0,0
LLOGO1325,0,0,0,0
LLOGO1324,0,0,0,0
LLOGO1327,0,0,0,0
LLOGO1326,0,0,0,0
LLOGO2100,0,0,0,0
LLOGO2101,0,0,0,0
LLOGO2103,0,0,0,0
LLOGO2104,0,0,0,0
LLOGO2202,0,0,0,0
LLOGO2200,0,0,0,0
LLOGO2204,0,0,0,0
LLSMD2090,0,0,0,0
LLOGO9001,0,0,0,0
LLSMD2091,0,0,0,0
LLSMD2094,0,0,0,0
LLSMD2901,0,0,0,0
LLSMD2915,0,0,0,0
LLSMD2916,0,0,0,0
LLSMD2951,0,0,0,0
LLSMD2921,0,0,0,0
LLSMF2007,0,0,0,0
LLSMD3001,0,0,0,0
LLSMF2013,0,0,0,0
LLSMF2016,0,0,0,0
LLSMF2014,0,0,0,0
LLSMF2018,0,0,0,0
LLSMG2000,0,0,0,0
LLSMF2026,0,0,0,0
LLSMG2001,0,0,0,0
LLSMG2002,0,0,0,0
LLSMG2003,0,0,0,0
LLSMG2004,0,0,0,0
LLSMG2005,0,0,0,0
LLSMG2006,0,0,0,0
LLSMG2008,0,0,0,0
LLSMG2009,0,0,0,0
LLSMG2010,0,0,0,0
LLSMG2011,0,0,0,0
LLSMG2050,0,0,0,0
LLSMG2051,0,0,0,0
LLSMG2052,0,0,0,0
LLSMG2053,0,0,0,0
LLSMG2054,0,0,0,0
LLSMG2055,0,0,0,0
LLSMG2057,0,0,0,0
LLSMG2056,0,0,0,0
LLSMG2059,0,0,0,0
LLSMG2060,0,0,0,0
LLSMG2097,0,0,0,0
LLSMS2000,0,0,0,0
LLSMS2001,0,0,0,0
LLSMS2002,0,0,0,0
LLSMS2007,0,0,0,0
LLSMS2014,0,0,0,0
LLSMS2017,0,0,0,0
LLSMS2018,0,0,0,0
LLSMS2021,0,0,0,0
LLSMS2062,0,0,0,0
LLSMS2024,0,0,0,0
LLSMS2061,0,0,0,0
LLSMS2063,0,0,0,0
LLSMS2064,0,0,0,0
LLSMS2070,0,0,0,0
LLSMS2072,0,0,0,0
LLSMS2074,0,0,0,0
LLSMS2080,0,0,0,0
LLSMS2081,0,0,0,0
LLSMS2098,0,0,0,1
LLSMS2099,0,0,0,1
LLSMS2108,0,0,0,0
LLSMS2220,0,0,0,0
LLSMS2280,0,0,0,0
LLSMS2281,0,0,1,0
LLSMS2282,0,1,0,0
LLSMS2397,0,0,0,1
LLSMS2398,0,0,0,1
LLSMX2001,0,0,0,1
LLSTI2100,0,0,0,0
LLSTI2110,0,0,0,0
LLSTI2120,0,0,0,0
LLSTI2140,0,0,0,0
LLSTI2130,0,0,0,0
LLSTI2150,0,0,0,0
LLSTI2160,0,0,0,0
LMAFY1101,0,0,0,0
LLSTI2180,0,0,0,0
LMAPR1230,0,0,0,0
LMAPR1400,0,0,0,0
LMAPR1491,0,0,0,0
LMAPR1492,0,0,0,0
LMAPR1805,0,0,0,0
LMAPR2001,0,0,1,1
LMAPR2012,0,0,0,0
LMAPR2001A,0,0,0,1
LMAPR2014,0,0,0,0
LMAPR2013,0,0,0,0
LMAPR2015,0,0,0,0
LMAPR2016,0,0,0,0
LMAPR2018,0,0,0,0
LMAPR2019,0,0,0,0
LMAPR2019A,0,0,0,0
LMAPR2231,0,0,0,0
LMAPR2430,0,1,0,0
LMAPR2451,0,0,0,0
LMAPR2471,0,0,0,0
LMAPR2481,0,0,0,0
LMAPR2631,0,0,0,0
LMAPR2647,1,0,0,1
LMAT1101,0,0,0,0
LMAT1102,0,0,0,0
LMAT1121,0,0,0,0
LMAT1122,0,0,0,0
LMAT1131,0,0,0,0
LMAT1141,0,0,0,0
LMAT1151,0,0,0,0
LMAT1161,0,0,0,0
LMAT1221,0,0,0,0
LMAT1222,0,0,0,0
LMAT1223,0,0,0,0
LMAT1231,0,0,0,0
LMAT1235,0,0,0,0
LMAT1241,0,0,0,0
LMAT1261,0,0,0,0
LMAT1271,0,0,0,0
LMAT1321,0,0,0,0
LMAT1322,0,0,0,0
LMAT1331,0,0,0,0
LMAT1323,0,0,0,0
LMAT1342,0,0,0,0
LMAT1351,0,0,0,0
LMAT1343,0,0,0,0
LMAT1371,0,0,0,0
LMAT1381,0,0,0,0
LMAT1375,0,0,0,0
LMAT2130,0,0,0,0
LMAT2120,0,0,0,0
LMAT2140,0,0,0,0
LMAT2215,0,0,0,0
LMAT2150,0,0,0,0
LMAT2240,0,0,0,0
LMAT2221,0,0,0,0
LMAT2250,0,0,0,0
LMAT2265,0,0,0,0
LMAT2310,0,0,0,0
LMAT2320A,0,0,0,0
LMAT2320,0,0,0,0
LMAT2330,0,0,0,0
LMAT2415,0,0,0,0
LMAT2430,0,0,0,0
LMAT2440,0,0,0,0
LMAT2420,0,0,0,0
LMAT2450,0,0,0,0
LMAT2460,0,0,0,0
LMAT2997,0,0,0,0
LMAT2998,0,0,0,0
LMECA1100,0,0,0,0
LMAT2999,0,0,0,0
LMCEU2200,0,0,0,0
LMECA1210,0,0,0,0
LMECA1321,0,0,0,0
LMECA1451,0,0,0,0
LMECA1855,0,0,0,0
LMECA1901,0,0,0,0
LMECA2150,0,0,0,0
LMECA2220,0,0,0,0
LMECA2322,0,0,0,0
LMECA2325,0,0,0,0
LMECA2410,0,0,0,0
LMECA2600,0,0,0,0
LMECA2645,0,0,0,0
LMECA2711,0,0,0,0
LMECA2755,0,0,0,0
LMECA2801,0,0,0,0
LMECA2840,0,0,0,0
LMECA2990,0,0,0,0
LMPME1202,0,0,0,0
LMPME1203,0,0,0,0
LMPME1301,0,0,0,0
LMPME1302,0,0,0,0
LMPME1303,0,0,0,0
LMULT2990,0,0,0,0
LMULT2998,0,0,0,0
LMULT2997,0,0,0,0
LMUSA2999,0,0,0,0
LMUSI1120,0,0,0,0
LMUSI1100,0,0,0,0
LMUSI1130,0,0,0,0
LMUSI1310,0,0,0,0
LMUSI1350,0,0,0,0
LMUSI1509,0,0,0,0
LMUSI1511,0,0,0,0
LMUSI1510,0,0,0,0
LMUSI1520,0,0,0,0
LMUSI1521,0,0,0,0
LMUSI1531,0,0,0,0
LMUSI1530,0,0,0,0
LMUSI1540,0,0,0,0
LMUSI1541,0,0,0,0
LMUSI2450,0,0,0,0
LMUSI2460,0,0,0,0
LMUSI2470,0,0,0,0
LMUSI2852,0,0,0,0
LMUSI2871,0,0,0,0
LMUSI2881,0,0,0,0
LMUSI2861,0,0,0,0
LMUSI2882,0,0,0,0
LMUSI2890,0,0,0,0
LMUSI2892,0,0,0,0
LMUSI2891,0,0,0,0
LMUSI2895,0,0,0,0
LMUSI2894,0,0,0,0
LMUSI2898,0,0,0,0
LNANO2991,0,0,0,0
LNANO2990,0,0,0,0
LNEER1111,0,0,0,0
LNEER1133,0,0,0,0
LNEER1230,0,0,0,0
LNEER1212,0,0,0,0
LNEER1233,0,0,0,0
LNEER1300,0,0,0,0
LNEER1315,0,0,0,0
LNEER1313,0,0,0,0
LNEER1330,0,0,0,0
LNEER1331,0,0,0,0
LNEER1332,0,0,0,0
LNEER1333,0,0,0,0
LNEER1532,0,0,0,0
LNEER1730,0,0,0,0
LNEER1500,0,0,0,0
LNEER2423,0,0,0,0
LNEER2433,0,0,0,0
LNEER2451,0,0,0,0
LNEER2440,0,0,0,0
LNEER2500,0,0,0,0
LNEER2453,0,0,0,0
LNEER2501,0,0,0,0
LNEER2600,0,0,0,0
LNEER2602,0,0,0,0
LNEER2710,0,0,0,0
LNEER2623,0,0,0,0
LNEER2712,0,0,0,0
LNOTA2001,0,0,0,0
LNOTA2002,0,0,0,0
LNOTA2003,0,0,0,0
LNOTA2004,0,0,0,0
LNOTA2005,0,0,0,0
LNOTA2006,0,0,0,0
LNOTA2007,0,0,0,0
LNOTA2008,0,0,0,0
LNOTA2009,0,0,0,0
LNOTA2010,0,0,0,0
LNOTA2200,0,0,0,0
LOPES2181,0,0,0,0
LOPES2202,0,0,0,0
LOPES2290,0,0,0,0
LOPES2203,0,0,0,0
LOPES2291,0,0,0,0
LOPES2293,0,0,0,0
LOPES2292,0,0,0,0
LOPES2294,0,0,0,0
LPATR2110,0,0,0,0
LOPES2298,0,0,0,0
LPATR2120,0,0,0,0
LPATR2130,0,0,0,0
LPATR2150,0,0,0,0
LPATR2171,0,0,0,0
LPATR2220,0,0,0,0
LPATR2240B,0,0,0,0
LPATR2240A,0,0,0,0
LPATR2261,0,0,0,0
LPATR2262,0,0,0,0
LPATR2263,0,0,0,0
LPHY1101,0,0,0,0
LPATR2272,0,0,0,0
LPHY1102,0,0,0,0
LPHY1103,0,0,0,0
LPHY1203,0,0,0,0
LPHY1365,1,0,0,0
LPHY2360,0,0,0,0
LPHYS1000,0,0,0,0
LPHYS1111,0,0,0,0
LPHYS1112,0,0,0,0
LPHYS1112B,0,0,0,0
LPHYS1112A,0,0,0,0
LPHYS1201,0,0,0,0
LPHYS1202,0,0,0,0
LPHYS1213,0,0,0,0
LPHYS1214,0,0,0,0
LPHYS1221A,0,0,0,0
LPHYS1221,0,0,0,0
LPHYS1231,0,0,0,0
LPHYS1241,0,0,0,0
LPHYS1303,0,0,0,0
LPHYS1322,0,0,0,0
LPHYS1332,0,0,0,0
LPHYS1342,0,0,0,0
LPHYS1343,0,0,0,0
LPHYS1344,0,0,0,0
LPHYS1345,0,0,0,0
LPHYS1351,0,0,0,0
LPHYS2102,0,0,0,0
LPHYS2101,0,0,0,0
LPHYS2112,0,0,0,0
LPHYS2114,0,0,0,0
LPHYS2113,0,0,0,0
LPHYS2122,0,0,0,0
LPHYS2131,0,0,0,0
LPHYS2141,0,0,0,0
LPHYS2132,0,0,0,0
LPHYS2143,0,0,0,0
LPHYS2161,0,0,0,0
LPHYS2162,1,0,0,0
LPHYS2163,0,0,0,0
LPHYS2191,0,0,0,0
LPHYS2197,0,0,0,0
LPHYS2198,0,0,0,0
LPHYS2211,0,0,0,0
LPHYS2199,0,0,0,0
LPHYS2260,0,0,0,0
LPHYS2245,0,0,0,0
LPHYS2264,0,0,0,0
LPHYS2265,1,0,0,0
LPHYS2266,0,0,0,0
LPHYS2267,1,0,0,0
LPHYS2269,0,0,0,0
LPHYS2471,0,0,0,0
LPOLS1112,0,0,0,0
LPHYS2492,0,0,0,0
LPOLS1113,0,0,0,0
LPOLS1114,0,0,0,0
LPOLS1121,0,0,0,0
LPOLS1211,0,0,0,0
LPOLS1212,0,0,0,0
LPOLS1215,0,0,0,0
LPOLS1213,0,0,0,0
LPOLS1221,0,0,0,0
LPOLS1223,0,0,0,0
LPOLS1224,0,0,0,0
LPOLS1225,0,0,0,0
LPOLS1232,0,0,0,0
LPOLS1233,0,0,0,0
LPOLS1234,0,0,0,0
LPOLS1235,0,0,0,0
LPOLS1311,0,0,0,0
LPOLS1314,0,0,0,0
LPOLS1316,0,0,0,0
LPOLS1319,0,0,0,0
LPOLS1320,0,0,0,0
LPOLS1323,0,0,0,0
LPOLS1326,0,0,0,0
LPOLS1327,0,0,0,0
LPOLS1329,0,0,0,0
LPOLS1330,0,0,0,0
LPOLS2900,0,0,0,0
LPORT1100,0,0,0,0
LPPE1101,0,0,0,0
LPPE1102,0,0,0,0
LPORT1300,0,0,0,0
LPPE1203,0,0,0,0
LPPE1204,0,0,0,0
LPPE1300,0,0,0,0
LPPE1305,0,0,0,0
LPPE1306,0,0,0,0
LPSP1001,0,0,0,1
LPSP1002,0,0,0,0
LPSP1003,0,0,0,0
LPSP1004,0,0,0,0
LPSP1005,0,0,0,0
LPSP1006,0,0,0,0
LPSP1007,0,0,0,0
LPSP1008,0,0,0,0
LPSP1009,0,0,0,0
LPSP1010,0,0,0,0
LPSP1011,0,0,0,0
LPSP1012,0,0,0,0
LPSP1201,0,0,0,0
LPSP1202,0,0,0,0
LPSP1203,0,0,0,0
LPSP1204,0,0,0,0
LPSP1205,0,0,0,0
LPSP1206,0,0,0,0
LPSP1207,0,0,0,0
LPSP1208,0,0,0,0
LPSP1209,0,0,0,0
LPSP1210,0,0,0,0
LPSP1211,0,0,0,0
LPSP1213,0,0,0,0
LPSP1301,0,0,0,0
LPSP1302,0,0,0,0
LPSP1303,0,0,0,0
LPSP1304,0,0,0,0
LPSP1306,0,0,0,0
LPSP1307,0,0,0,0
LPSP1308,0,0,0,0
LPSP1309,0,0,0,0
LPSP1311,0,0,0,0
LPSP1312,0,0,0,0
LPSP1313,0,0,0,0
LPSP1321,0,0,0,0
LPSP1322,0,0,0,0
LPSP1323,0,0,0,0
LPSP1324,0,0,0,0
LPSP1325,0,0,0,0
LPSP1326,0,0,0,0
LPSP1327,0,0,0,0
LPSP1328,0,0,0,0
LPSP1330,0,0,0,0
LPSP1331,0,0,0,0
LPSP1332,0,0,0,0
LPSP1333,0,0,0,0
LPSP1334,0,0,0,0
LPSP1336,0,0,0,0
LPSP1337,0,0,0,0
LPSP1338,0,0,0,0
LPSP2312,0,0,0,0
LPSP2321,0,0,0,0
LPSP9001A,0,0,0,0
LPSP2323,0,0,0,0
LPSP9001B,0,0,0,0
LPSP9001C,0,0,0,0
LPSP9002,0,0,0,0
LPSP9111,0,0,0,0
LPSP9112,0,0,0,0
LPSYS2000,0,0,0,0
LPSP9113,0,0,0,0
LPSYS2010,0,0,0,0
LPSYS2055,0,0,0,0
LPSYS2056,0,0,0,0
LPSYS2143,0,0,0,0
LPSYS2144,0,0,0,0
LPSYS2145,0,0,0,0
LPSYS2202,0,0,0,0
LPSYS2203,0,0,0,0
LPSYS2206,0,0,0,0
LPSYS2307,0,0,0,0
LPSYS2308,0,0,0,0
LPSYS2415,0,0,0,0
LPSYS2926,0,0,0,0
LRELI1110,0,0,0,0
LRELI1120,0,0,0,0
LRELI1130,0,0,0,0
LRELI1140,0,0,0,0
LRELI1150,0,0,0,0
LRELI1160,0,0,0,0
LRELI1170,0,0,0,0
LRELI1180A,0,0,0,0
LRELI1190,0,0,0,0
LRELI1180B,0,0,0,0
LRELI1230,0,0,0,0
LRELI1210,0,0,0,0
LRELI1240,0,0,0,0
LRELI1251,0,0,0,0
LRELI1253,0,0,0,0
LRELI1252,0,0,0,0
LRELI1257,0,0,0,0
LRELI1258,0,0,0,0
LRELI1264,0,0,0,0
LRELI1261,0,0,0,0
LRELI1267,0,0,0,0
LRELI1272,0,0,0,0
LRELI1268,0,0,0,0
LRELI1277,0,0,0,0
LRELI1278,0,0,0,0
LRELI1281,0,0,0,0
LRELI1282,0,0,0,0
LRELI1291A,0,0,0,0
LRELI1291B,0,0,0,0
LRELI1292A,0,0,0,0
LRELI1292B,0,0,0,0
LRELI1297,0,0,0,0
LRELI1300,0,0,0,0
LRELI1298,0,0,0,0
LRELI1310,0,0,0,0
LRELI1320,0,0,0,0
LRELI1332,0,0,0,0
LRELI1321,0,0,0,0
LRELI1342,0,0,0,0
LRELI1341,0,0,0,0
LRELI1347,0,0,0,0
LRELI1348,0,0,0,0
LRELI1351A,0,0,0,0
LRELI1351B,0,0,0,0
LRELI1352A,0,0,0,0
LRELI1361,0,0,0,0
LRELI1352B,0,0,0,0
LRELI1362,0,0,0,0
LRELI1380,0,0,0,0
LRELI1368,0,0,0,0
LRELI1397,0,0,0,0
LRELI1400,0,0,0,0
LRELI1398,0,0,0,0
LRELI1500,0,0,0,0
LROGE2892,0,0,0,0
LROM1100,0,0,0,0
LROGE2898,0,0,0,0
LROM1111,0,0,0,0
LROM1112,0,0,0,0
LROM1160,0,0,0,0
LROM1170,0,0,0,0
LROM1180,0,0,0,0
LROM1200,0,0,0,0
LROM1221,0,0,0,0
LROM1222,0,0,0,0
LROM1230,0,0,0,0
LROM1260,0,0,0,0
LROM1270,0,0,0,0
LROM1271,0,0,0,0
LROM1272,0,0,0,0
LROM1273,0,0,0,0
LROM1281,0,0,0,0
LROM1283,0,0,0,0
LROM1321,0,0,0,0
LROM1323,0,0,0,0
LROM1330,0,0,0,0
LROM1331,0,0,0,0
LROM1350,0,0,0,0
LROM1360,0,0,0,0
LROM1372,0,0,0,0
LROM1373,0,0,0,0
LROM1381,0,0,0,0
LROM1382,0,0,0,0
LROM1583,0,0,0,0
LROM1584,0,0,0,0
LROM2151,0,0,0,0
LROM2171,0,0,0,0
LROM2180,0,0,0,0
LROM2200,0,0,0,0
LROM2221,0,0,0,0
LROM2222,0,0,0,0
LROM2227,0,0,0,0
LROM2223,0,0,0,0
LROM2515,0,0,0,0
LROM2463,0,0,0,0
LROM2517,0,0,0,0
LROM2620,0,0,0,0
LROM2630,0,0,0,0
LROM2680,0,0,0,0
LROM2710,0,0,0,0
LROM2691,0,0,0,0
LROM2720,0,0,0,0
LROM2740,0,0,0,0
LROM2730,0,0,0,0
LROM2750,0,0,0,0
LROM2745,0,0,0,0
LROM2840,0,0,0,0
LROM2760,0,0,0,0
LROM2842,0,0,0,0
LROM2843,0,0,0,0
LROM2851,0,0,0,0
LROM2844,0,0,0,0
LROM2852,0,0,0,0
LROM2854,0,0,0,0
LROM2856,0,0,0,0
LROM2857,0,0,0,0
LROM2892,0,0,0,0
LROM2898,0,0,0,0
LROM2920,0,0,0,0
LROM2940,0,0,0,0
LROM2945,0,0,0,0
LROM2946,0,0,0,0
LROM2950,0,0,0,0
LROM9005,0,0,0,0
LROM2950A,0,0,0,0
LROM9011,0,0,0,0
LRUSS1100,0,0,0,0
LRUSS1300,0,0,0,0
LSC1120,0,0,0,0
LSC1120A,0,0,0,0
LSC1181,0,0,0,0
LSAIV2200,0,0,0,0
LSC1300,0,0,0,0
LSC1350,0,0,0,0
LSC2004,0,0,0,0
LSC2001,0,0,0,0
LSC2220,0,0,0,0
LSCI2320,0,0,0,0
LSC3001,0,0,0,0
LSCI2320A,0,0,0,0
LSEXM2710,0,0,0,0
LSCI2330,0,0,0,0
LSEXM2711,0,0,0,0
LSEXM2712,0,0,0,0
LSEXM2713,0,0,0,0
LSEXM2720,0,0,0,0
LSEXM2721,0,0,0,0
LSEXM2722,0,0,0,0
LSEXM2810,0,0,0,0
LSEXM2812,0,0,0,0
LSEXM2814,0,0,0,0
LSEXM2825,0,0,0,0
LSEXM2826,0,0,0,0
LSEXM2828,0,0,0,0
LSEXM2827,0,0,0,0
LSEXM2920,0,0,0,0
LSEXM2923,0,0,0,0
LSEXM2924,0,0,0,0
LSEXM2926,0,0,0,0
LSEXM2925,0,0,0,0
LSGED2000,0,0,0,0
LSGED2220,0,0,0,0
LSGED2200,0,0,0,0
LSIGN1101,0,0,0,0
LSIGN1102,0,0,0,0
LSINC1001,0,0,0,0
LSINC1002,0,0,0,0
LSINC1101,0,0,0,0
LSINC1102,0,0,0,0
LSINC1103,0,0,0,0
LSINC1104,0,0,0,0
LSINC1111,0,0,0,0
LSINC1109,0,0,0,0
LSINC1112,0,0,0,0
LSINC1113,0,0,0,0
LSINC1114,0,0,0,0
LSINC1123,0,0,0,0
LSINC1121,0,0,0,0
LSINC1131,0,0,0,0
LSINC1132,0,0,0,0
LSINC1133,0,0,0,0
LSINC1201,0,0,0,0
LSINC1211,0,0,0,0
LSINC1231,0,0,0,0
LSINC1232,0,0,0,0
LSINC1233,0,0,0,0
LSINC1241,0,0,0,0
LSINC1252,0,0,0,0
LSINC1301,0,0,0,0
LSINC1313,0,0,0,0
LSINC1331,0,0,0,0
LSINC1332,0,0,0,0
LSINC1361,0,0,0,0
LSINC1341,0,0,0,0
LSINC1402,0,0,0,0
LSINC1503,0,0,0,0
LSINC1509,0,0,0,0
LSINF2275,0,0,0,0
LSINC1805,0,0,0,0
LSINF2990,0,0,0,0
LSINF2991,0,0,0,0
LSOC2002,0,0,0,0
LSOC2000,0,0,0,0
LSOC2006,0,0,0,0
LSOC2011,0,0,0,0
LSOC2013,0,0,0,0
LSOC2026,0,0,0,0
LSOC2031,0,0,0,0
LSOC2040,0,0,0,0
LSOC2035,0,0,0,0
LSOC2045,0,0,0,0
LSOC2050,0,0,0,0
LSOC2060,0,0,0,0
LSOC2075,0,0,0,0
LSOC2083,0,0,0,0
LSOC2084,0,0,0,0
LSOC2086,0,0,0,0
LSOC2087,0,0,0,0
LSOC2088,0,0,0,0
LSOC2091,0,0,0,0
LSOC2089,0,0,0,0
LSOC2120,0,0,0,0
LSOC2095,0,0,0,0
LSOC2900,0,0,0,0
LSOCA1125,0,0,0,0
LSPED1211,0,0,0,0
LSOCA2900,0,0,0,0
LSPED1212,0,0,0,0
LSPED1213,0,0,0,0
LSPED1214,0,0,0,0
LSPED1215,0,0,0,0
LSPED1221,0,0,0,0
LSPED2015,0,0,0,0
LSPED2030,0,0,0,0
LSPED2010,0,0,0,0
LSPED2040,0,0,0,0
LSPED2047,0,0,0,0
LSPED2900A,0,0,0,0
LSPED2048,0,0,0,0
LSPED2900B,0,0,0,0
LSPOL1125,0,0,0,0
LSPOE2002,0,0,0,0
LSPOL2900A,0,0,0,0
LSPOL2902,0,0,0,0
LSPOL2900B,0,0,0,0
LSPOL2903,0,0,0,0
LSPRI2000,0,0,0,0
LSPRI2005,1,0,0,1
LSPRI2010,0,0,0,0
LSPRI2015,0,0,0,0
LSPRI2020,0,0,0,0
LSPRI2030,0,0,0,0
LSPRI2035,0,0,0,0
LSPRI2040,0,0,0,0
LSPRI2045,0,0,0,0
LSPRI2052,0,0,0,0
LSPRI2055,0,0,0,0
LSPRI2060,0,0,0,0
LSPRI2080,0,0,0,0
LSPRI2085,0,0,0,0
LSPRI2090,0,0,0,0
LSPRI2220,0,0,0,0
LSPRI2200,0,0,0,0
LSPRI2225,1,0,0,0
LSPRI2230,0,0,0,0
LSPRI2300,0,0,0,0
LSPRI2900A,0,0,0,0
LSREL2012,0,0,0,0
LSPRI2900B,0,0,0,0
LSREL2110,0,0,0,0
LSREL2100,0,0,0,0
LSREL2211,0,0,0,0
LSREL2230,0,0,0,0
LSREL2240,0,0,0,0
LSREL2250,0,0,0,0
LSREL2251,0,0,0,0
LSREL2222,0,0,0,0
LSREL2252,0,0,0,0
LSREL2911,0,0,0,0
LSREL2920,0,0,0,0
LSREL2912,0,0,0,0
LSREL2989,0,0,0,0
LSREL2999,0,0,0,0
LSST1001,0,0,0,1
LSST1002,0,0,0,0
LSTAT2011,0,0,0,0
LSST1002M,0,0,0,0
LSTAT2013,0,0,0,0
LSTAT2012,0,0,0,0
LSTAT2020,0,0,0,0
LSTAT2030,0,0,0,0
LSTAT2040,0,0,0,0
LSTAT2100,0,0,0,0
LSTAT2110,0,0,0,0
LSTAT2110A,0,0,0,0
LSTAT2120,0,0,0,0
LSTAT2130,0,0,0,0
LSTAT2140,0,0,0,0
LSTAT2150,0,0,0,0
LSTAT2170,0,0,0,0
LSTAT2200,0,0,0,0
LSTAT2180,0,0,0,0
LSTAT2210,0,0,0,0
LSTAT2220,0,0,0,0
LSTAT2230,0,0,0,0
LSTAT2310,0,0,0,0
LSTAT2320,0,0,0,0
LSTAT2330,0,0,0,0
LSTAT2340,0,0,0,0
LSTAT2380,0,0,0,0
LSTAT2390,0,0,0,0
LSTAT2410,0,0,0,0
LSTAT2430,0,0,0,0
LSTAT2440,0,0,0,0
LSTAT2450,0,0,0,0
LSTAT2828,0,0,0,0
LSTAT2920,0,0,0,0
LSTIC2000,0,0,0,0
LSTAT2930,0,0,0,0
LSTIC2001,0,0,0,0
LSTIC2892B,0,0,0,0
LSTIC2892A,0,0,0,0
LSTIC9005,0,0,0,0
LTARC1101,0,0,0,0
LTARC1102,0,0,0,0
LTARC1105,0,0,0,0
LTARC1120,0,0,0,0
LTARC1121,0,0,0,0
LTARC1122,0,0,0,0
LTARC1140,0,0,0,0
LTARC1123,0,0,0,0
LTARC1142,0,0,1,0
LTARC1143,0,0,0,0
LTARC1144,0,0,0,0
LTARC1160,0,0,0,0
LTARC1164,0,0,0,0
LTARC1201,0,0,0,0
LTARC1203,0,0,0,0
LTARC1221,0,0,0,0
LTARC1224,0,0,0,0
LTARC1228,0,0,0,0
LTARC1240,0,0,0,0
LTARC1243,0,0,0,0
LTARC1241,0,0,0,0
LTARC1250,0,0,0,1
LTARC1260,0,0,0,0
LTARC1251,0,0,0,0
LTARC1261,0,0,0,0
LTARC1301,0,0,0,0
LTARC1262,0,0,0,0
LTARC1321,0,0,0,0
LTARC1322,0,0,0,0
LTARC1323,0,0,0,0
LTARC1325,0,0,0,0
LTARC1327,0,0,0,0
LTARC1344,0,0,0,0
LTARC1340,0,0,0,0
LTARC1345,0,0,0,0
LTARC1352,0,0,0,0
LTARC1360,1,1,0,0
LTARC1362,0,0,0,0
LTARC1361,0,0,0,0
LTARC1365,0,0,0,0
LTARC1366,0,0,0,0
LTARC1367,0,0,0,0
LTARC2101,0,0,0,0
LTARC1380,0,0,0,0
LTARC2120,0,0,0,0
LTARC2127,0,0,0,0
LTARC2130,0,0,0,0
LTARC2131,0,0,0,0
LTARC2141,0,0,0,0
LTARC2140,0,0,0,0
LTARC2142,0,0,0,0
LTARC2145,0,0,0,0
LTARC2152,0,0,0,0
LTARC2161,0,0,0,0
LTARC2160,0,0,0,0
LTARC2162,0,0,0,0
LTARC2169,0,0,0,0
LTARC2167,0,0,0,0
LTARC2200,0,0,0,0
LTARC2196,0,0,0,0
LTARC2230,0,0,0,0
LTARC2231,0,0,0,0
LTARC2240,0,0,0,0
LTARC2281,0,0,0,0
LTARC2280,0,0,0,0
LTECO1001,0,0,0,0
LTARC2283,0,0,0,0
LTECO1002,0,0,0,0
LTECO1003,0,0,0,0
LTECO1004,0,0,0,0
LTECO1201,0,0,0,0
LTECO1210,0,0,0,0
LTECO1202,0,0,0,0
LTECO1220,0,0,0,0
LTECO1230,0,0,0,0
LTECO2100,0,0,0,0
LTECO2101,0,0,0,0
LTECO2102,0,0,0,0
LTECO2103,0,0,0,0
LTECO2200,0,0,0,0
LTECO2201,0,0,0,0
LTECO2202,0,0,0,0
LTECO2203,0,0,0,0
LTECO2300,0,0,0,0
LTHEA2135,0,0,0,0
LTHEA2120,0,0,0,0
LTHEA2141,0,0,0,0
LTHEA2142,0,0,0,0
LTHEA2151,0,0,0,0
LTHEA2206,0,0,0,0
LTHEA2171,0,0,0,0
LTHEA2207,0,0,0,0
LTHEA2241,0,0,0,0
LTHEA2242,0,0,0,0
LTHEA2310,0,0,0,0
LTHEA2350,0,0,0,0
LTHEA2890,0,0,0,0
LTHEA2990,0,0,0,0
LTHEO2000,0,0,0,0
LTHEA2992,0,0,0,0
LTHEO2111,0,0,0,0
LTHEO2110,0,0,0,0
LTHEO2121,0,0,0,0
LTHEO2112,0,0,0,0
LTHEO2131,0,0,0,0
LTHEO2122,0,0,0,0
LTHEO2141,0,0,0,0
LTHEO2142,0,0,0,0
LTHEO2132,0,0,0,0
LTHEO2151,0,0,0,0
LTHEO2152,0,0,0,0
LTHEO2211,0,0,0,0
LTHEO2190,0,0,0,0
LTHEO2161,0,0,0,0
LTHEO2162,0,0,0,0
LTHEO2212,0,0,0,0
LTHEO2220,0,0,0,0
LTHEO2230,0,0,0,0
LTHEO2261,0,0,0,0
LTHEO2262,0,0,0,0
LTHEO2170,0,0,0,0
LTHEO2272,0,0,0,0
LTHEO2281,0,0,0,0
LTHEO2282,0,0,0,0
LTHEO2312,0,0,0,0
LTHEO2320,0,0,0,0
LTHEO2311,0,0,0,0
LTHEO2321,0,0,0,0
LTHEO2322,0,0,0,0
LTHEO2331,0,0,0,0
LTHEO2332,0,0,0,0
LTHEO2341,0,0,0,0
LTHEO2342,0,0,0,0
LTHEO2351,0,0,0,0
LTHEO2350,0,0,0,0
LTHEO2352,0,0,0,0
LTHEO2362,0,0,0,0
LTHEO2412,0,0,0,0
LTHEO2361,0,0,0,0
LTHEO2421,0,0,0,0
LTHEO2430,0,0,0,0
LTHEO2431,0,0,0,0
LTHEO2432,0,0,0,0
LTHEO2452,0,0,0,0
LTHEO2471,0,0,0,0
LTHEO2472,0,0,0,0
LTHEO2481,0,0,0,0
LTHEO2540,0,0,0,0
LTHEO2621,0,0,0,0
LTHEO2611,0,0,0,0
LTHEO2640,0,0,0,0
LTHEO2840,0,0,0,0
LTHEO2850,0,0,0,0
LTHEO2872,0,0,0,0
LTHEO2891,0,0,0,0
LTHEO2871,0,0,0,0
LTHEO2892,0,0,0,0
LTHEO2911,0,0,0,0
LTHEO2900,0,0,0,0
LTHEO2912,0,0,0,0
LTHEO2931,0,0,0,0
LTHEO2951,0,0,0,0
LTHEO2932,0,0,0,0
LTHEO2952,0,0,0,0
LTHEO2971,0,0,0,0
LTHEO2972,0,0,0,0
LTHEO2990A,0,0,0,0
LTHEO2990B,0,0,0,0
LTHEO2990S,0,0,0,0
LTHEO2991,0,0,0,0
LTHEO9010,0,0,0,0
LTHEO2992,0,0,0,0
LTOUL2999,0,0,0,0
LTHEO9020,0,0,0,0
LTRAD2000,0,0,0,0
LTRAD2001,0,0,0,0
LTRAD2011,0,0,0,0
LTRAD2021,0,0,0,0
LTRAD2012,0,0,0,0
LTRAD2022,0,0,0,0
LTRAD2121,0,0,0,0
LTRAD2111,0,0,0,0
LTRAD2131,0,0,0,0
LTRAD2141,0,0,0,0
LTRAD2151,0,0,0,0
LTRAD2161,0,0,0,0
LTRAD2171,0,0,0,0
LTRAD2200,0,0,0,0
LTRAD2181,0,0,0,0
LTRAD2221,0,0,0,0
LTRAD2211,0,0,0,0
LTRAD2241,0,0,0,0
LTRAD2231,0,0,0,0
LTRAD2261,0,0,0,0
LTRAD2251,0,0,0,0
LTRAD2271,0,0,0,0
LTRAD2800,0,0,0,0
LTRAD2281,0,0,0,0
LTRAV2000,0,0,0,0
LTRAD2900,0,0,0,0
LTRAV2010,0,0,0,0
LTRAV2020A,0,0,0,0
LTRAV2030,0,0,0,0
LTRAV2020B,0,0,0,0
LTRAV2040,0,0,0,0
LTRAV2050,0,0,0,0
LTRAV2200,0,0,0,0
LTRAV2210,0,0,0,0
LTRAV2230,0,0,0,0
LTRAV2240,0,0,0,0
LTRAV2250,0,0,0,0
LTRAV2260,0,0,0,0
LTRAV2610,0,0,0,0
LTRAV2640,0,0,0,0
LTRAV2650,0,0,0,0
LTRAV2900A,0,0,0,0
LTRAV2900B,0,0,0,0
LTRAV2950,0,0,0,0
LTRAV2910,0,0,0,0
LULBG2400,0,0,0,0
LULBG2408,0,0,0,0
LULG3302,0,0,0,0
LULBG2410,1,0,0,0
LULG3303,0,0,0,0
LULG3304,0,0,0,0
LULG3311,0,0,0,0
LULG3310,0,0,0,0
LULG3320,0,0,0,0
LULG3321,0,0,0,0
LULG3324,0,0,0,0
LULG3323,0,0,0,0
LULG3326,0,0,0,0
LULG3351,0,0,0,0
LULG3344,0,0,0,0
LURBA2001,0,0,0,0
LURBA2002,0,0,0,0
LURBA2915,0,0,0,0
LURBA2925,0,0,0,0
LURBA2940,0,0,0,0
LURBA2930,0,0,0,0
LURBA2950,0,0,0,1
LURBA2960,0,0,0,0
LURBA2970,0,0,0,0
LURBA2990,0,0,0,0
LURBA3011,0,0,0,0
LVET1111,0,0,0,0
LURBA3011A,0,0,0,0
LVET1141,0,0,0,0
LVET1241A,0,0,0,0
LVET1241B,0,0,0,0
LVET1243,0,0,0,0
LVET1244,0,0,0,0
LVET1280,0,0,0,0
LVET1296,0,0,0,0
LVET1295,0,0,0,0
LVET1311,0,0,0,0
LVET1374,0,0,0,0
LVET1312,0,0,1,0
LVETE1101,0,0,0,0
LVETE1201,0,0,0,0
LVETE1230,0,0,0,0
LVETE1250,0,0,0,0
LVETE1262,0,0,0,0
LVETE1300,0,0,0,0
LVETE1342,0,0,0,0
LVETE1373B,0,0,0,0
LVETE1373A,0,0,0,0
LVETE1381,0,0,0,0
LVISU2100,0,0,0,0
LVETE1390,0,0,0,0
MADPU2203,0,0,0,0
LVISU2990,0,0,0,0
MADPU2204,0,0,0,0
MADPU2255,0,0,0,0
MADPU2237,0,0,0,0
MAGRE2103,0,0,0,0
MAGRE2105,0,0,0,0
MAGRE2107,0,0,0,0
MAGRE2106,0,0,0,0
MAGRE2109,0,0,0,0
MAGRE2111,0,0,0,0
MAGRE2113,0,0,0,0
MAGRE2114,0,0,0,0
MAGRE2115,0,0,0,0
MAGRE2116,0,0,0,0
MAGRE2117,0,0,0,0
MANGL1120,0,0,0,0
MANGL1339,0,0,0,0
MANGL1235,0,0,0,0
MANGL2163,0,0,0,0
MANGL2164,0,0,0,0
MAPHD2106,0,0,0,0
MANGL2236,0,0,0,0
MAPHD2202,0,0,0,0
MAPHD2205,0,0,0,0
MAPHD2204,0,0,0,0
MAPHD2207,0,0,0,0
MAPHD2208,0,0,0,0
MCOHD2001,0,0,0,0
MCOHD2003,0,0,0,0
MCOHD2002,0,0,0,0
MCOHD2004,0,0,0,0
MCOHD2005,0,0,0,0
MCOHM2950A,0,0,0,0
MCOHD2006,0,0,0,0
MCOMU1101,0,0,0,0
MCOHM2950B,0,0,0,0
MCOMU1109,0,0,0,0
MCOMU1202,0,0,0,0
MCOMU1206,0,0,0,0
MCOMU1207,0,0,0,0
MCOMU1209,0,0,0,0
MCOMU1208,0,0,0,0
MCOMU1210,0,0,0,0
MCOMU1302,0,0,0,0
MCOMU1303,0,0,0,0
MCOMU1308,0,0,0,0
MCOMU1307,0,0,0,0
MCOMU1309,0,0,0,0
MCOMU1311,0,0,0,0
MCOMU1310,0,0,0,0
MCOMU1322,0,0,0,0
MCOMU2104,0,0,0,0
MCOMU2108,0,0,0,0
MCOMU2106,0,0,0,0
MCOMU2110,0,0,0,0
MCOMU2202,0,0,0,0
MCOMU2204,0,0,0,0
MCOMU2203,0,0,0,0
MCOMU2209,0,0,0,0
MCOMU2205,0,0,0,0
MCOMU2701,0,0,0,0
MCOMU2703,0,0,0,0
MCOMU2900A,0,0,0,0
MCOMU2901,0,0,0,0
MCOMU2900B,0,0,0,0
MCOMU2903,0,0,0,0
MCOMU2910,0,0,0,0
MDRHD1305,0,0,0,0
MDROI1103,0,0,0,0
MDROI1104,0,0,0,0
MDROI1208,0,0,0,0
MDROI1210,0,0,0,0
MDROI1212,0,0,0,0
MECON1104,0,0,0,0
MECON1211,0,0,0,0
MECON1313,0,0,0,0
MECON1212,0,0,0,0
MECON1312,0,0,0,0
MESPA1122,0,0,0,0
MESPA1237,0,0,0,0
MESPA1340,0,0,0,0
MESPA2237,0,0,0,0
MESPA2165,0,0,0,0
MGEHC1316,0,0,0,0
MGEHC1312,0,0,0,0
MGEHC1321,0,0,0,0
MGEHC1323,0,0,0,0
MGEHC2108,0,0,0,0
MGEHC2113,0,0,0,0
MGEHC2110,0,0,0,0
MGEHC2134,0,0,0,0
MGEHC2133,0,0,0,0
MGEHC2135,0,0,0,0
MGEHC2141,0,0,0,0
MGEHC2142,0,0,0,0
MGEHC2143,0,0,0,0
MGEHC2144,0,0,0,0
MGEHC2145,0,0,0,0
MGEHC2146,0,0,0,0
MGEHC2147,0,0,0,0
MGEHC2149,0,0,0,0
MGEHC2148,0,0,0,0
MGEHC2150,0,0,0,0
MGEHC2152,0,0,0,0
MGEHC2151,0,0,0,0
MGEHC2153,0,0,0,0
MGEHC2154,0,0,0,0
MGEHC2155,0,0,0,0
MGEHC2156,0,0,0,0
MGEHC2157,0,0,0,0
MGEHC2159,0,0,0,0
MGEHC2158,0,0,0,0
MGEHC2160,0,0,0,0
MGEHC2161,0,0,0,0
MGEHD1312,0,0,0,0
MGEHD1316,0,0,0,0
MGEHD1321,0,0,0,0
MGEHD2108,0,0,0,0
MGEHD1322,0,0,0,0
MGEHD2113,0,0,0,0
MGEHD2119,0,0,0,0
MGEHD2133,0,0,0,0
MGEHD2120,0,0,0,0
MGEHD2134,0,0,0,0
MGEHD2135,0,0,0,0
MGEHD2140,0,0,0,0
MGEHD2141,0,0,0,0
MGEHD2142,0,0,0,0
MGEHD2144,0,0,0,0
MGEHD2143,0,0,0,0
MGEHD2212,0,0,0,0
MGEST1105,0,0,0,0
MGEHD2227,0,0,0,0
MGEST1218,0,0,0,0
MGEST1219,0,0,0,0
MGEST1220,0,0,0,0
MGEST1221,0,0,0,0
MGEST1222,0,0,0,0
MGEST1322,0,0,0,0
MGEST1323,0,0,0,0
MGEST1324,0,0,0,0
MGEST1325,0,0,0,0
MGEST1327,0,0,0,0
MGEST1329,0,0,0,0
MGEST1328,0,0,0,0
MGEST2000,0,0,0,0
MGEST2001,0,0,0,0
MGEST2002,0,0,0,0
MGEST2003,0,0,0,0
MGEST2006,0,0,0,0
MGEST2004,0,0,0,0
MGEST2106,0,0,0,0
MHELH1201,0,0,0,0
MHELH1200,0,0,0,0
MHELH1212,0,0,0,0
MHELH1211,0,0,0,0
MHELH1301,0,0,0,0
MHELH1302,0,0,0,0
MHELH1303,0,0,0,0
MHELH1311,0,0,0,0
MHELH1313,0,0,0,0
MHELH1312,0,0,0,0
MHELH2262,0,0,0,0
MINFO1201,0,0,0,0
MINFO1301,0,0,0,0
MINFO1302,0,0,0,0
MLSMM2111,0,0,0,0
MLSMM2112,0,0,0,0
MLSMM2113,0,0,0,0
MLSMM2114,0,0,0,0
MLSMM2116,0,0,0,0
MLSMM2117,0,0,0,0
MLSMM2121,0,0,0,0
MLSMM2122,0,0,0,0
MLSMM2123,0,0,0,0
MLSMM2131,0,0,0,0
MLSMM2132,0,0,0,0
MLSMM2140,0,0,0,0
MLSMM2133,0,0,0,0
MLSMM2141,0,0,0,0
MLSMM2142,0,0,0,0
MLSMM2143,0,0,0,0
MLSMM2144,0,0,0,0
MLSMM2145,0,0,0,0
MLSMM2146,0,0,0,0
MLSMM2152,0,0,0,0
MLSMM2200,0,0,0,0
MLSMM2201,0,0,0,0
MLSMM2202,0,0,0,0
MLSMM2218,0,0,0,0
MLSMM2219,0,0,0,0
MLSMM2247,0,0,0,0
MLSMM2248,0,0,0,0
MLSMM2249,0,0,0,0
MLSMM2251,0,0,0,0
MLSMM2252,0,0,0,0
MLSMM2253,1,0,0,0
MLSMM2261,0,0,0,0
MLSMM2263,0,0,0,0
MMETH1119,0,0,0,0
MMETH1122,0,0,0,0
MMETH1218,0,0,0,0
MMETH1219,0,0,0,0
MMETH1321,0,0,0,0
MMETH1322,0,0,0,0
MMTHD1321,0,0,0,0
MMTHD1323,0,0,0,0
MNEER1121,0,0,0,0
MNEER1236,0,0,0,0
MNEER1341,0,0,0,0
MNEER2238,0,0,0,0
MNEER2164,0,0,0,0
MQAHC2130,0,0,0,0
MQAHD2130,0,0,0,0
MQANT1109,0,0,0,0
MQANT1110,0,0,0,0
MQANT1113,0,0,0,0
MQANT1221,0,0,0,0
MQANT1227,0,0,0,0
MQANT1328,0,0,0,0
MQANT1324,0,0,0,0
MSHHD1329,0,0,0,0
MQANT1329,0,0,0,0
MSHUM1115,0,0,0,0
MSHUM1114,0,0,0,0
MSHUM1116,0,0,0,0
MSHUM1131,0,0,0,0
MSHUM1118,0,0,0,0
MSHUM1228,0,0,0,1
MSHUM1230,0,0,0,0
MSHUM1231,0,0,0,0
MSHUM1328,0,0,0,0
MSHUM1331,0,0,0,0
MSHUM2201,0,0,0,0
MSHUM1332,0,0,0,0
MSPHD2135,0,0,0,0
MSPHD2134,0,0,0,0
MSPHD2136,0,0,0,0
MSPHD2137,0,0,0,0
MSPHD2138,0,0,0,0
MSPHD2139,0,0,0,0
MSPHD2141,0,0,0,0
MSPHD2143,0,0,0,0
MSPHD2144,0,0,0,0
MSPHD2205,0,0,0,0
MSPOL1104,0,0,0,0
MSPHD2206,0,0,0,0
MSPOL1119,0,0,0,0
MSPOL1204,0,0,0,1
MSPOL1230,0,0,0,0
MSPOL1232,0,0,0,0
MSPOL1234,0,0,0,0
MSPOL1235,0,0,0,0
MSPOL1236,0,0,0,0
MSPOL1304,0,0,0,0
MSPOL1341,0,0,0,0
MSPOL1344,0,0,0,0
MSPOL1345,0,0,0,0
MSPOL1345B,0,0,0,0
MSPOL1345A,0,0,0,0
MSPOL1345C,0,0,0,0
MSPOL1346,0,0,0,0
MSPOL1346A,0,0,0,0
MSPOL1346C,0,0,0,0
MSPOL1346B,0,0,0,0
MSPOL2140,0,0,0,0
MSPOL2141,0,0,0,0
MSPOL2142,0,0,0,0
MSPOL2228,0,0,0,0
MSPOL2158,0,0,0,0
MSPOL2900,0,0,0,0
MSPRI2144,0,0,0,0
MSPOL2900A,0,0,0,0
MSPRI2160,0,0,0,1
MSPRI2162,0,0,0,0
MSPRI2226,0,0,0,0
MSPRI2233,0,0,0,0
MTECH1201,0,0,0,0
MSPRI2234,0,0,0,0
MTISM2001,0,0,0,0
MTISM2002,0,0,0,0
WAIGU2374,0,0,0,0
WAIGU2383,0,0,0,0
WAIGU2393,0,0,0,0
WANAP2301,0,0,0,0
WANAP2302,0,0,0,0
WANAP2313,0,0,0,0
WANAP2315,0,0,0,0
WANAP2314,0,0,0,0
WANAP2321,0,0,0,0
WANAP2322,0,0,0,0
WANAP2323,0,0,0,0
WANAP2324,0,0,0,0
WANAP2375,0,0,0,0
WANAP2381,0,0,0,0
WANAP2383,0,0,0,0
WANAP2382,0,0,0,0
WANAP2384,0,0,0,0
WANAP2385,0,0,0,0
WANAP2391,0,0,0,0
WANAP2392,0,0,0,0
WANAP2394,0,0,0,0
WANAP2393,0,0,0,0
WANAP2395,0,0,0,0
WANAT1110,0,0,0,0
WANAT1953,0,0,0,0
WANES2111,0,0,0,0
WANES2301,0,0,0,0
WANES2302,0,0,0,0
WANES2311,0,0,0,0
WANES2310,0,0,0,0
WANES2312,0,0,0,0
WANES2313,0,0,0,0
WANES2314,0,0,0,0
WANES2323,0,0,0,0
WANES2315,0,0,0,0
WANES2363,0,0,0,0
WANES2365,0,0,0,0
WANES2364,0,0,0,0
WANES2382,0,0,0,0
WANES2381,0,0,0,0
WANES2383,0,0,0,0
WANES2384,0,0,0,0
WANES2385,0,0,0,0
WANES2391,0,0,0,0
WANES2392,0,0,0,0
WANES2394,0,0,0,0
WANES2393,0,0,0,0
WBCMM2101,0,0,0,0
WANES2395,0,0,0,0
WBCMM21021,0,0,0,0
WBCMM21022,0,0,0,0
WBCMM21023,0,0,0,0
WBCMM21024,0,0,0,0
WBCMM2201,0,0,0,0
WBCMM21025,0,0,0,0
WBCMM2202,0,0,0,0
WBCMM2203,0,0,0,0
WBCMM22041,0,0,0,0
WBCMM22043,0,0,0,0
WBCMM22042,0,0,0,0
WBCMM22044,0,0,0,0
WBCMM22045,0,0,0,0
WBCMM2301,0,0,0,0
WBCMM2302,0,0,0,0
WBCMM2315,0,0,0,0
WBCMM2374,0,0,0,0
WBCMM2381,0,0,0,0
WBCMM2375,0,0,0,0
WBCMM2382,0,0,0,0
WBCMM2383,0,0,0,0
WBCMM2384,0,0,0,0
WBCMM2385,0,0,0,0
WBCMM2392,0,0,0,0
WBCMM2391,0,0,0,0
WBCMM2394,0,0,0,0
WBCMM2393,0,0,0,0
WBICL2100,0,0,0,0
WBCMM2395,0,0,0,0
WBICL2101,0,0,0,0
WBICL2101M,0,0,0,0
WBICL2102,0,0,0,0
WBICL2103,0,0,0,0
WBICL2104,0,0,0,0
WBICL2106,0,0,0,0
WBICL2105,0,0,0,0
WBICL2107,0,0,0,0
WBICL2108,0,0,0,0
WBICL2109,0,0,0,0
WBICL2110,0,0,0,0
WBICL2372,0,0,0,0
WBICL2373,0,0,0,0
WBICL2375,0,0,0,0
WBICL2374,0,0,0,0
WBICL2381,0,0,0,0
WBICL2383,0,0,0,0
WBICL2382,0,0,0,0
WBICL2391,0,0,0,0
WBICL2384,0,0,0,0
WBICL2385,0,0,0,0
WBICL2392,0,0,0,0
WBICL2393,0,0,0,0
WBICL2395,0,0,0,0
WBICL2394,0,0,0,0
WBICL2901,0,0,0,0
WBICL2902,0,0,0,0
WBICL2903,0,0,0,0
WBICL2906,0,0,0,0
WBICL2907,0,0,0,0
WBICL2905,0,0,0,0
WBICL2904,0,0,0,0
WCARD2314,0,0,0,0
WBICL2909,0,0,0,0
WCARD2315,0,0,0,0
WCARD2316,0,0,0,0
WCARD2376,0,0,0,0
WCARD2384,0,0,0,0
WCARD2385,0,0,0,0
WCARD2386,0,0,0,0
WCARD2394,0,0,0,0
WCARD2396,0,0,0,0
WCARD2395,0,0,0,0
WCHG2200,0,0,0,0
WCHG2250,0,0,0,0
WCHG2010,0,0,0,0
WCHG2311,0,0,0,0
WCHG2313,0,0,0,0
WCHG2312,0,0,0,0
WCHG2315,0,0,0,0
WCHG2314,0,0,0,0
WCHG2316,0,0,0,0
WCHG2381,0,0,0,0
WCHG2376,0,0,0,0
WCHG2382,0,0,0,0
WCHG2384,0,0,0,0
WCHG2383,0,0,0,0
WCHG2385,0,0,0,0
WCHG2386,0,0,0,0
WCHG2391,0,0,0,0
WCHG2392,0,0,0,0
WCHG2393,0,0,0,0
WCHG2394,0,0,0,0
WCHG2395,0,0,0,0
WCHGC2110,0,0,0,0
WCHG2396,0,0,0,0
WCHPL2313,0,0,0,0
WCHPL2314,0,0,0,0
WCHPL2366,0,0,0,0
WCHPL2315,0,0,0,0
WCHPL2374,0,0,0,0
WCHPL2373,0,0,0,0
WCHPL2376,0,0,0,0
WCHPL2375,0,0,0,0
WCHPL2383,0,0,0,0
WCHPL2384,0,0,0,0
WCHPL2385,0,0,0,0
WCHPL2386,0,0,0,0
WCHPL2393,0,0,0,0
WCHPL2395,0,0,0,0
WCHPL2394,0,0,0,0
WCHPL2396,0,0,0,0
WDEGE3003,0,0,0,0
WDEGE3004,0,0,0,0
WDEGE3005,0,0,0,0
WDEGE3006,0,0,0,0
WDENT1108,0,0,0,0
WDEGE3007,0,0,0,0
WDENT1110,0,0,0,0
WDENT1111,0,0,0,0
WDENT1121,0,0,0,0
WDENT1129,0,0,0,0
WDENT1133,0,0,0,0
WDENT1204,0,0,0,0
WDENT1210,0,0,0,0
WDENT1211,0,0,0,0
WDENT1213,0,0,0,0
WDENT1222,0,0,0,0
WDENT1225,0,0,0,0
WDENT1242,0,0,0,0
WDENT1244,0,0,0,0
WDENT1243,0,0,0,0
WDENT1255,0,0,0,0
WDENT1254,0,0,0,0
WDENT1260,0,0,0,0
WDENT1285,0,0,0,0
WDENT1284,0,0,0,0
WDENT1320,0,0,0,0
WDENT1303,0,0,0,0
WDENT1321,0,0,0,0
WDENT1330,0,0,0,0
WDENT1324,0,0,0,0
WDENT1336,0,0,0,0
WDENT1333,0,0,0,0
WDENT1335,0,0,0,0
WDENT1337,0,0,0,0
WDENT1338,0,0,0,0
WDENT1339,0,0,0,0
WDENT1345,0,0,0,0
WDENT1342,0,0,0,0
WDENT1360,0,0,0,0
WDENT1351,0,0,0,0
WDENT1391,0,0,0,0
WDENT2120,0,0,0,0
WDENT2135,0,0,0,0
WDENT2125,0,0,0,0
WDENT2140,0,0,0,0
WDENT2150,0,0,0,0
WDENT2154,0,0,0,0
WDENT2152,0,0,0,0
WDENT2155,0,0,0,0
WDENT2156,0,0,0,0
WDENT2157,0,0,0,0
WDENT2161,0,0,0,0
WDENT2160,0,0,0,0
WDENT2190,0,0,0,0
WDENT2170,0,0,0,0
WDENT2257,0,0,0,0
WDENT2290,0,0,0,0
WDENT2291,0,0,0,0
WDENT2293,0,0,0,0
WDENT2292,0,0,0,0
WDENT2294,0,0,0,0
WDENT2296,0,0,0,0
WDENT2295,0,0,0,0
WDENT3041,0,0,0,0
WDENT3043,0,0,0,0
WDENT3051,0,0,0,0
WDENT3053,0,0,0,0
WDENT3061,0,0,0,0
WDENT3062,0,0,0,0
WDEPE3013,0,0,0,0
WDEPE3061,0,0,0,0
WDEPE3062,0,0,0,0
WDEPE3063,0,0,0,0
WDEPE3111,0,0,0,0
WDEPE3121,0,0,0,0
WDEPE3141,0,0,0,0
WDEPE3131,0,0,0,0
WDEPE3212,0,0,0,0
WDEPE3222,0,0,0,0
WDEPE3232,0,0,0,0
WDEPE3242,0,0,0,0
WDEPE3252,0,0,0,0
WDEPE3313,0,0,0,0
WDEPE3323,0,0,0,0
WDEPE3333,0,0,0,0
WDEPE3343,0,0,0,0
WDEPE3352,0,0,0,0
WDEPR3021,0,0,0,0
WDEPR3023,0,0,0,0
WDEPR3027,0,0,0,0
WDEPR3029,0,0,0,0
WDERM2120,0,0,0,0
WDERM2301,0,0,0,0
WDERM2302,0,0,0,0
WDERM2304,0,0,0,0
WDERM2303,0,0,0,0
WDERM2312,0,0,0,0
WDERM2311,0,0,0,0
WDERM2313,0,0,0,0
WDERM2314,0,0,0,0
WDERM2372,0,0,0,0
WDERM2374,0,0,0,0
WDERM2381,0,0,0,0
WDERM2383,0,0,0,0
WDERM2382,0,0,0,0
WDERM2384,0,0,0,0
WDERM2392,0,0,0,0
WDERM2391,0,0,0,0
WDERM2393,0,0,0,0
WDETR3031,0,0,0,0
WDERM2394,0,0,0,0
WDETR3033,0,0,0,0
WDETR3037,0,0,0,0
WDETR3039,0,0,0,0
WENDO2311,0,0,0,0
WENDO2312,0,0,0,0
WENDO2372,0,0,0,0
WENDO2381,0,0,0,0
WENDO2382,0,0,0,0
WENDO2391,0,0,0,0
WENDO2392,0,0,0,0
WESP1010,0,0,0,0
WESP2235,0,0,0,0
WESP2123,0,0,0,0
WFARI2100,0,0,0,0
WFARI2101,0,0,0,0
WFARI2103,0,0,0,0
WFARI2102,0,0,0,0
WFARI2104,0,0,0,0
WFARI2106,0,0,0,0
WFARI2105,0,0,0,0
WFARI2109,0,0,0,0
WFARM1004,0,0,0,0
WFARM1003,0,0,0,0
WFARM1008,0,0,0,0
WFARM1009,0,0,0,0
WFARM1160,0,0,0,0
WFARM1202,0,0,0,0
WFARM1212,0,0,0,0
WFARM1213,0,0,0,0
WFARM1212T,0,0,0,0
WFARM1213S,0,0,0,0
WFARM1219,0,0,0,0
WFARM1221,0,0,0,0
WFARM1221S,0,0,0,0
WFARM1231,0,0,0,0
WFARM1231P,0,0,0,0
WFARM1232,0,0,0,0
WFARM1237,0,0,0,0
WFARM1238,0,0,0,0
WFARM1239,0,0,0,0
WFARM1243,0,0,0,0
WFARM1244,0,0,0,0
WFARM1247,0,0,0,0
WFARM1282,0,0,0,0
WFARM1282T,0,0,0,0
WFARM1290,0,0,0,0
WFARM1300,0,0,0,0
WFARM1302,0,0,0,0
WFARM1302P,0,0,0,0
WFARM1303,0,0,0,0
WFARM1305,0,0,0,0
WFARM1306,0,0,0,0
WFARM1307,0,0,0,0
WFARM1309,0,0,0,0
WFARM1311,0,0,0,0
WFARM1310,0,0,0,0
WFARM1312,0,0,0,0
WFARM1313,0,0,0,0
WFARM1319,0,0,0,0
WFARM1324,0,0,0,0
WFARM1325,0,0,0,0
WFARM1329,0,0,0,0
WFARM1332,0,0,0,0
WFARM1332P,0,0,0,0
WFARM1339,0,0,0,0
WFARM1349,0,0,0,0
WFARM1359,0,0,0,0
WFARM1370,0,0,0,0
WFARM1369,0,0,0,0
WFARM1383,0,0,0,0
WFARM1379,0,0,0,0
WFARM1380,0,0,0,0
WFARM2104,0,0,0,0
WFARM2114,0,0,0,0
WFARM2111,0,0,0,0
WFARM2116,0,0,0,0
WFARM2117,0,0,0,0
WFARM2118,0,0,0,0
WFARM2139,0,0,0,0
WFARM2149,0,0,0,0
WFARM2139T,0,0,0,0
WFARM2156,0,0,0,0
WFARM2157,0,0,0,0
WFARM2177,0,0,0,0
WFARM2209,0,0,0,0
WFARM2236,0,0,0,0
WFARM2239,0,0,0,0
WFARM2256,0,0,0,0
WFSP2100,0,0,0,0
WFARM2502,0,0,0,0
WFSP2101,0,0,0,0
WFSP2102,0,0,0,0
WFSP2103,0,0,0,0
WFSP2104,0,0,0,0
WFSP2105,0,0,0,0
WFSP2107,0,0,0,0
WFSP2106,0,0,0,0
WFSP2108,0,0,0,0
WFSP2109,0,0,0,1
WFSP2110,0,0,0,0
WFSP2111,0,0,0,0
WFSP2112,0,0,0,0
WFSP2113,0,0,0,0
WFSP2200,0,0,0,0
WFSP2119,0,0,0,0
WFSP2218,0,0,0,0
WFSP2228,0,0,0,0
WFSP2238,0,0,0,0
WFSP2252,0,0,0,0
WFSP2238P,0,0,0,0
WFSP2298,0,0,0,0
WFSP2299,0,0,0,0
WGAEN2314,0,0,0,0
WGAEN2316,0,0,0,0
WGAEN2315,0,0,0,0
WGAEN2374,0,0,0,0
WGAEN2375,0,0,0,0
WGAEN2376,0,0,0,0
WGAEN2384,0,0,0,0
WGAEN2386,0,0,0,0
WGAEN2385,0,0,0,0
WGAEN2394,0,0,0,0
WGAEN2395,0,0,0,0
WGAEN2396,0,0,0,0
WGEMO2110,0,0,0,0
WGENE2313,0,0,0,0
WGENE2315,0,0,0,0
WGENE2314,0,0,0,0
WGENE2323,0,0,0,0
WGENE2316,0,0,0,0
WGENE2324,0,0,0,0
WGENE2325,0,0,0,0
WGENE2343,0,0,0,0
WGENE2326,0,0,0,0
WGENE2344,0,0,0,0
WGENE2346,0,0,0,0
WGENE2345,0,0,0,0
WGENE2375,0,0,0,0
WGENE2374,0,0,0,0
WGENE2376,0,0,0,0
WGENE2384,0,0,0,0
WGENE2383,0,0,0,0
WGENE2385,0,0,0,0
WGENE2386,0,0,0,0
WGENE2394,0,0,0,0
WGENE2393,0,0,0,0
WGENE2396,0,0,0,0
WGENE2395,0,0,0,0
WGERI2201,0,0,0,0
WGERI2314,0,0,0,0
WGERI2315,0,0,0,0
WGERI2374,0,0,0,0
WGERI2316,0,0,0,0
WGERI2376,0,0,0,0
WGERI2375,0,0,0,0
WGERI2384,0,0,0,0
WGERI2385,0,0,0,0
WGERI2386,0,0,0,0
WGERI2394,0,0,0,0
WGERI2395,0,0,0,0
WHEMA2301,0,0,0,0
WGERI2396,0,0,0,0
WHEMA2302,0,0,0,0
WHEMA2311,0,0,0,0
WHEMA2372,0,0,0,0
WHEMA2381,0,0,0,0
WHEMA2382,0,0,0,0
WHEMA2391,0,0,0,0
WHEMA2392,0,0,0,0
WHOPI2101,0,0,0,0
WHOPI2100,0,0,0,0
WHOPI2103,0,0,0,0
WHOPI2105,0,0,0,0
WHOPI2104,0,0,0,0
WHOPI2107,0,0,0,0
WHOPI2106,0,0,0,0
WHOPI2108,0,0,0,0
WHOPI2109,0,0,0,0
WHOPI2111,0,0,0,0
WHOPI2110,0,0,0,0
WHOPI2120,0,0,0,0
WHOPI2220,0,0,0,0
WHOPI2323,0,0,0,0
WHOPI2320,0,0,0,0
WHOPI2399,0,0,0,0
WIHTR2100,0,0,0,0
WIHTR2101,0,0,0,0
WIHTR2103,0,0,0,0
WIHTR2102,0,0,0,0
WIHTR2104,0,0,0,0
WIHTR2105,0,0,0,0
WIHTR2106,0,0,0,0
WIHTR2107,0,0,0,0
WIHTR3010,0,0,0,0
WIHTR3030,0,0,0,0
WIHTR3020,0,0,0,0
WIHTR3040,0,0,0,0
WIHTR3050,0,0,0,0
WINTR2105,0,0,0,0
WIHTR3090,0,0,0,0
WINTR2181,0,0,0,0
WINTR2182,0,0,0,0
WINTR2205,0,0,0,0
WINTR2211,0,0,0,0
WINTR2260,0,0,0,0
WINTR2266,0,0,0,0
WINTR2265,0,0,0,0
WINTR2271,0,0,0,0
WINTR2291,0,0,0,0
WINTR2281,0,0,0,0
WINTR2305,0,0,0,0
WINTR2292,0,0,0,0
WINTR2311,0,0,0,0
WINTR2312,0,0,0,0
WINTR2313,0,0,0,0
WINTR2315,0,0,0,0
WINTR2314,0,0,0,0
WINTR2325,0,0,0,0
WINTR2330,0,0,0,0
WINTR2332,0,0,0,0
WINTR2331,0,0,0,0
WINTR2381,0,0,0,0
WINTR2384,0,0,0,0
WINTR2382,0,0,0,0
WINTR2383,0,0,0,0
WINTR2385,0,0,0,0
WINTR2391,0,0,0,0
WINTR2392,0,0,0,0
WINTR2394,0,0,0,0
WINTR2393,0,0,0,0
WISTO1950,0,0,0,0
WINTR2395,0,0,0,0
WISTO1954,0,0,0,0
WMD1006,0,0,0,0
WMD1102,0,0,0,0
WMD1104,0,0,0,0
WMD1105,0,0,0,0
WMD1106,0,0,0,0
WMD1120,0,0,0,0
WMD1120M,0,0,0,0
WMD2280,0,0,0,0
WMD1120P,0,0,0,0
WMDS1103,0,0,0,0
WMDS1105,0,0,0,0
WMDS1106,0,0,0,0
WMDS1109,0,0,0,0
WMDS1110,0,0,0,0
WMDS1111,0,0,0,0
WMDS1113,0,0,0,0
WMDS1114,0,0,0,0
WMDS1115,0,0,0,0
WMDS1116,0,0,0,0
WMDS1210,0,0,0,0
WMDS1214,0,0,0,0
WMDS1215,0,0,0,0
WMDS1220,0,0,0,0
WMDS1221,0,0,0,0
WMDS1223,0,0,0,0
WMDS1224,0,0,0,0
WMDS1225,0,0,0,0
WMDS1226,0,0,0,0
WMDS1229,0,0,0,0
WMDS1230,0,0,0,0
WMDS1230T,0,0,0,0
WMDS1231,0,0,0,0
WMDS1237,0,0,0,0
WMDS1237D,0,0,0,0
WMDS1311,0,0,0,0
WMDS1313,0,0,0,0
WMDS1314,0,0,0,0
WMDS1315,0,0,0,0
WMDS1321,0,0,0,0
WMDS1322,0,0,0,0
WMDS1324,0,0,0,0
WMDS1325,0,0,0,0
WMDS1326,0,0,0,0
WMDS1327,0,0,0,0
WMDS1329,0,0,0,0
WMDS1330,0,0,0,0
WMDS1330T,0,0,0,0
WMDS2100,0,0,0,0
WMDS2110,0,0,0,0
WMDS2112,0,0,0,0
WMDS2123,0,0,0,0
WMDS2122,0,0,0,0
WMDS2125,0,0,0,0
WMDS2127,0,0,0,0
WMDS2128,0,0,0,0
WMDS2133,0,0,0,0
WMDS2129,0,0,0,0
WMDS2135,0,0,0,0
WMDS2137,0,0,0,0
WMDS2136,0,0,0,0
WMDS2190,0,0,0,0
WMDS2140,0,0,0,0
WMDS2195,0,0,0,0
WMDS2210,0,0,0,0
WMDS2196,0,0,0,0
WMDS2215,0,0,0,0
WMDS2221,0,0,0,0
WMDS2222,0,0,0,0
WMDS2220,0,0,0,0
WMDS2223,0,0,0,0
WMDS2225,0,0,0,0
WMDS2224,0,0,0,0
WMDS2226,0,0,0,0
WMDS2227,0,0,0,0
WMDS2228,0,0,0,0
WMDS2234,0,0,0,0
WMDS2229,0,0,0,0
WMDS2235,0,0,0,0
WMDS2236,0,0,0,0
WMDS2238,0,0,0,0
WMDS2237,0,0,0,0
WMDS2239,0,0,0,0
WMDS2290,0,0,0,0
WMDS2295,0,0,0,0
WMDS2296,0,0,0,0
WMDS2320,0,0,0,0
WMDS2321,0,0,0,0
WMDS2322,0,0,0,0
WMDS2326,0,0,0,0
WMDS2327,0,0,0,0
WMDS2324,0,0,0,0
WMDS2323,0,0,0,0
WMDS2329,0,0,0,0
WMDS2337,0,0,0,0
WMDS2330,0,0,0,0
WMDS2339,0,0,0,0
WMDS2325,0,0,0,0
WMDS2349,0,0,0,0
WMDTR2160A,0,0,0,0
WMDTR2160B,0,0,0,0
WMDTR2215,0,0,0,0
WMDTR2216,0,0,0,0
WMDTR2221,0,0,0,0
WMDTR2222,0,0,0,0
WMDTR3001,0,0,0,0
WMDTR3140,0,0,0,0
WMDTR3150,0,0,0,0
WMDTR3180,0,0,0,0
WMDTR3160,0,0,0,0
WMDTR3201,0,0,0,0
WMDTR3190,0,0,0,0
WMDTR3202,0,0,0,0
WMDTR3211,0,0,0,0
WMDTR3212,0,0,0,0
WMDTR3230,0,0,0,0
WMDTR3270,0,0,0,0
WMDTR3240,0,0,0,0
WMDTR3280,0,0,0,0
WMDTR3290,0,0,0,0
WMDTR3291,0,0,0,0
WMDTR3340,0,0,0,0
WMDTR3360,0,0,0,0
WMDTR3350,0,0,0,0
WMED1260,0,0,0,0
WMDTR3370,0,0,0,0
WMED1264,0,0,0,0
WMED1290,0,0,0,0
WMED1390,0,0,0,0
WMED2121,0,0,0,0
WMED2181,0,0,0,0
WMED2252,0,0,0,0
WMED2221,0,0,0,0
WMED2285,0,0,0,0
WMED2261,0,0,0,0
WMED2320,0,0,0,0
WMED2331,0,0,0,0
WMED2346,0,0,0,0
WMED2332,0,0,0,0
WMED2420,0,0,0,0
WMEDE1100,0,0,0,0
WMED2840,0,0,0,0
WMEDE1101,0,0,0,0
WMEDE1112,0,0,0,0
WMEFY2120,0,0,0,0
WMEFY2301,0,0,0,0
WMEFY2302,0,0,0,0
WMEFY2303,0,0,0,0
WMEFY2304,0,0,0,0
WMEFY2305,0,0,0,0
WMEFY2311,0,0,0,0
WMEFY2313,0,0,0,0
WMEFY2312,0,0,0,0
WMEFY2315,0,0,0,0
WMEFY2314,0,0,0,0
WMEFY2321,0,0,0,0
WMEFY2322,0,0,0,0
WMEFY2374,0,0,0,0
WMEFY2373,0,0,0,0
WMEFY2375,0,0,0,0
WMEFY2382,0,0,0,0
WMEFY2381,0,0,0,0
WMEFY2383,0,0,0,0
WMEFY2384,0,0,0,0
WMEFY2385,0,0,0,0
WMEFY2391,0,0,0,0
WMEFY2392,0,0,0,0
WMEFY2393,0,0,0,0
WMEFY2394,0,0,0,0
WMEFY2395,0,0,0,0
WMEGE2150,0,0,0,0
WMEGE2151,0,0,0,0
WMEGE2153,0,0,0,0
WMEGE2152,0,0,0,0
WMEGE2155,0,0,0,0
WMEGE2154,0,0,0,0
WMEGE2156,0,0,0,0
WMEGE2157,0,0,0,0
WMEGE2158,0,0,0,0
WMEGE2250,0,0,0,0
WMEGE2159,0,0,0,0
WMEGE2251,0,0,0,0
WMEGE2253,0,0,0,0
WMEGE2252,0,0,0,0
WMEGE2254,0,0,0,0
WMEGE2255,0,0,0,0
WMEGE2256,0,0,0,0
WMEGE2259,0,0,0,0
WMEGE2257,0,0,0,0
WMEGE2258,0,0,0,0
WMEGE2350,0,0,0,0
WMEGE2351,0,0,0,0
WMEGE2352,0,0,0,0
WMEGE2353,0,0,0,0
WMEGE2355,0,0,0,0
WMEGE2354,0,0,0,0
WMEGE2356,0,0,0,0
WMEGE2357,0,0,0,0
WMEGE2358,0,0,0,0
WMEGE2359,0,0,0,0
WMEGE9111,0,0,0,0
WMEGE9112,0,0,0,0
WMEGE9121,0,0,0,0
WMEGE9122,0,0,0,0
WMEGE9211,0,0,0,0
WMEGE9212,0,0,0,0
WMEGE9221,0,0,0,0
WMEGE9222,0,0,0,0
WMEGE9331,0,0,0,0
WMEGE9332,0,0,0,0
WMEGE9342,0,0,0,0
WMLEG2303,0,0,0,0
WMEGE9343,0,0,0,0
WMLEG2304,0,0,0,0
WMLEG2305,0,0,0,0
WMLEG2313,0,0,0,0
WMLEG2314,0,0,0,0
WMLEG2315,0,0,0,0
WMLEG2375,0,0,0,0
WMLEG2382,0,0,0,0
WMLEG2384,0,0,0,0
WMLEG2383,0,0,0,0
WMLEG2385,0,0,0,0
WMNUC2100,0,0,0,0
WMNUC2325,0,0,0,0
WMNUC2344,0,0,0,0
WMNUC2383,0,0,0,0
WMNUC2354,0,0,0,0
WMNUC2384,0,0,0,0
WMNUC2393,0,0,0,0
WMNUC2385,0,0,0,0
WMNUC2394,0,0,0,0
WMNUC2395,0,0,0,0
WMPHM2200,0,0,0,0
WMNUC3120,0,0,0,0
WMPHM2201,0,0,0,0
WMPHM2202,0,0,0,0
WMPHM2500,0,0,0,0
WMPHM2206,0,0,0,0
WMPHM2502,0,0,0,0
WMPHM2506,0,0,0,0
WMPHM2504,0,0,0,0
WMPHM2505,0,0,0,0
WMPHM2507,0,0,0,0
WMPHM2508,0,0,0,0
WMPHM2511,0,0,0,0
WMPHM2509,0,0,0,0
WMPHM2600,0,0,0,0
WMPHM2601,0,0,0,0
WMPHM2602,0,0,0,0
WMPHM2603,0,0,0,0
WMSSP2200,0,0,0,0
WMPHM2605,0,0,0,0
WMSSP2203,0,0,0,0
WMSSP2205,0,0,0,0
WMSSP2202,0,0,0,0
WMSSP2207,0,0,0,0
WMSSP2500,0,0,0,0
WMSSP2502,0,0,0,0
WMSSP2501,0,0,0,0
WMSSP2503,0,0,0,0
WMSSP2505,0,0,0,0
WMSSP2511,0,0,0,0
WMURC2381,0,0,0,0
WMSSP2516,0,0,0,0
WMURC2382,0,0,0,0
WMURC2391,0,0,0,0
WMURC2392,0,0,0,0
WMURG2301,0,0,0,0
WMURG2302,0,0,0,0
WMURG2303,0,0,0,0
WMURG2304,0,0,0,0
WMURG2321,0,0,0,0
WMURG2315,0,0,0,0
WMURG2323,0,0,0,0
WMURG2322,0,0,0,0
WMURG2324,0,0,0,0
WMURG2376,0,0,0,0
WMURG2375,0,0,0,0
WMURG2381,0,0,0,0
WMURG2382,0,0,0,0
WMURG2383,0,0,0,0
WMURG2384,0,0,0,0
WMURG2385,0,0,0,0
WMURG2391,0,0,0,0
WMURG2386,0,0,0,0
WMURG2392,0,0,0,0
WMURG2393,0,0,0,0
WMURG2395,0,0,0,0
WMURG2394,0,0,0,0
WMURG2396,0,0,0,0
WNECH2314,0,0,0,0
WNECH2313,0,0,0,0
WNECH2315,0,0,0,0
WNECH2316,0,0,0,0
WNECH2375,0,0,0,0
WNECH2376,0,0,0,0
WNECH2383,0,0,0,0
WNECH2385,0,0,0,0
WNECH2384,0,0,0,0
WNECH2386,0,0,0,0
WNECH2393,0,0,0,0
WNECH2394,0,0,0,0
WNECH2395,0,0,0,0
WNEFR2311,0,0,0,0
WNECH2396,0,0,0,0
WNEFR2372,0,0,0,0
WNEFR2381,0,0,0,0
WNEFR2382,0,0,0,0
WNEFR2391,0,0,0,0
WNEFR2392,0,0,0,0
WNEPE2310,0,0,0,0
WNEPE2321,0,0,0,0
WNEPE2311,0,0,0,0
WNEPE2322,0,0,0,0
WNEPE2371,0,0,0,0
WNEPE2372,0,0,0,0
WNEPE2381,0,0,0,0
WNEPE2382,0,0,0,0
WNEPE2391,0,0,0,0
WNEPE2392,0,0,0,0
WNEUR2190,0,0,0,0
WNEUR2311,0,0,0,0
WNEUR2312,0,0,0,0
WNEUR2313,0,0,0,0
WNEUR2314,0,0,0,0
WNEUR2315,0,0,0,0
WNEUR2331,0,0,0,0
WNEUR2332,0,0,0,0
WNEUR2333,0,0,0,0
WNEUR2334,0,0,0,0
WNEUR2375,0,0,0,0
WNEUR2335,0,0,0,0
WNEUR2381,0,0,0,0
WNEUR2382,0,0,0,0
WNEUR2383,0,0,0,0
WNEUR2384,0,0,0,0
WNEUR2385,0,0,0,0
WNEUR2392,0,0,0,0
WNEUR2391,0,0,0,0
WNEUR2393,0,0,0,0
WNEUR2394,0,0,0,0
WOBST2161,0,0,0,0
WNEUR2395,0,0,0,0
WOBST2162,0,0,0,0
WOBST2180,0,0,0,0
WOBST2312,0,0,0,0
WOBST2311,0,0,0,0
WOBST2313,0,0,0,0
WOBST2342,0,0,0,0
WOBST2314,0,0,0,0
WOBST2375,0,0,0,0
WOBST2344,0,0,0,0
WOBST2383,0,0,0,0
WOBST2381,0,0,0,0
WOBST2382,0,0,0,0
WOBST2385,0,0,0,0
WOBST2384,0,0,0,0
WOBST2391,0,0,0,0
WOBST2393,0,0,0,0
WOBST2392,0,0,0,0
WOBST2394,0,0,0,0
WOFTA2301,0,0,0,0
WOBST2395,0,0,0,0
WOFTA2302,0,0,0,0
WOFTA2120,0,0,0,0
WOFTA2313,0,0,0,0
WOFTA2321,0,0,0,0
WOFTA2314,0,0,0,0
WOFTA2322,0,0,0,0
WOFTA2374,0,0,0,0
WOFTA2381,0,0,0,0
WOFTA2384,0,0,0,0
WOFTA2382,0,0,0,0
WOFTA2383,0,0,0,0
WOFTA2391,0,0,0,0
WOFTA2392,0,0,0,0
WOFTA2394,0,0,0,0
WOFTA2393,0,0,0,0
WONCO2315,0,0,0,0
WONCO2314,0,0,0,0
WONCO2316,0,0,0,0
WONCO2375,0,0,0,0
WONCO2376,0,0,0,0
WONCO2384,0,0,0,0
WONCO2385,0,0,0,0
WONCO2386,0,0,0,0
WONCO2394,0,0,0,0
WONCO2396,0,0,0,0
WONCO2395,0,0,0,0
WONTO2311,0,0,0,0
WONTO2312,0,0,0,0
WONTO2321,0,0,0,0
WONTO2322,0,0,0,0
WONTO2371,0,0,0,0
WONTO2372,0,0,0,0
WONTO2381,0,0,0,0
WONTO2382,0,0,0,0
WORL2112,0,0,0,0
WORL2130,0,0,0,0
WORL2311,0,0,0,0
WORL2313,0,0,0,0
WORL2312,0,0,0,0
WORL2331,0,0,0,0
WORL2315,0,0,0,0
WORL2332,0,0,0,0
WORL2333,0,0,0,0
WORL2334,0,0,0,0
WORL2335,0,0,0,0
WORL2342,0,0,0,0
WORL2341,0,0,0,0
WORL2343,0,0,0,0
WORL2344,0,0,0,0
WORL2345,0,0,0,0
WORL2375,0,0,0,0
WORL2381,0,0,0,0
WORL2382,0,0,0,0
WORL2383,0,0,0,0
WORL2384,0,0,0,0
WORL2385,0,0,0,0
WORL2391,0,0,0,0
WORL2392,0,0,0,0
WORL2394,0,0,0,0
WORL2393,0,0,0,0
WORL2395,0,0,0,0
WORTD3000,0,0,0,0
WORTD3001,0,0,0,0
WORTD3002,0,0,0,0
WORTD3003,0,0,0,0
WORTD3004,0,0,0,0
WORTD3006,0,0,0,0
WORTD3005,0,0,0,0
WORTD3007,0,0,0,0
WORTD3008,0,0,0,0
WORTD3009,0,0,0,0
WORTD3010,0,0,0,0
WORTD3011,0,0,0,0
WORTD3012,0,0,0,0
WORTD3013,0,0,0,0
WORTD3015,0,0,0,0
WORTD3014,0,0,0,0
WORTD3016,0,0,0,0
WORTD3017,0,0,0,0
WORTD3018,0,0,0,0
WORTD3019,0,0,0,0
WORTD3021,0,0,0,0
WORTD3020,0,0,0,0
WORTD3022,0,0,0,0
WORTO2312,0,0,0,0
WORTO2311,0,0,0,0
WORTO2313,0,0,0,0
WORTO2316,0,0,0,0
WORTO2314,0,0,0,0
WORTO2315,0,0,0,0
WORTO2326,0,0,0,0
WORTO2381,0,0,0,0
WORTO2383,0,0,0,0
WORTO2382,0,0,0,0
WORTO2384,0,0,0,0
WORTO2385,0,0,0,0
WORTO2386,0,0,0,0
WORTO2391,0,0,0,0
WORTO2392,0,0,0,0
WORTO2393,0,0,0,0
WORTO2394,0,0,0,0
WORTO2395,0,0,0,0
WORTO2396,0,0,0,0
WPARO2017,0,0,0,0
WPARO2018,0,0,0,0
WPARO2019,0,0,0,0
WPARO2020,0,0,0,0
WPARO2021,0,0,0,0
WPARO2022,0,0,0,0
WPARO2023,0,0,0,0
WPARO2024,0,0,0,0
WPARO2025,0,0,0,0
WPARO2027,0,0,0,0
WPARO2026,0,0,0,0
WPARO2028,0,0,0,0
WPARO2029,0,0,0,0
WPARO2031,0,0,0,0
WPARO2030,0,0,0,0
WPARO2032,0,0,0,0
WPARO2033,0,0,0,0
WPARO2034,0,0,0,0
WPARO2035,0,0,0,0
WPARO2036,0,0,0,0
WPARO2037,0,0,0,0
WPEDI2140,0,0,0,0
WPARO2038,0,0,0,0
WPARO2039,0,0,0,0
WPEDI2190,0,0,0,0
WPEDI2312,0,0,0,0
WPEDI2311,0,0,0,0
WPEDI2313,0,0,0,0
WPEDI2314,0,0,0,0
WPEDI2315,0,0,0,0
WPEDI2372,0,0,0,0
WPEDI2375,0,0,0,0
WPEDI2381,0,0,0,0
WPEDI2382,0,0,0,0
WPEDI2383,0,0,0,0
WPEDI2384,0,0,0,0
WPEDI2385,0,0,0,0
WPEDI2391,0,0,0,0
WPEDI2392,0,0,0,0
WPEDI2393,0,0,0,0
WPHAR1300,0,0,0,0
WPEDI2394,0,0,0,0
WPEDI2395,0,0,0,0
WPNEU2110,0,0,0,0
WPNEU2120,0,0,0,0
WPNEU2314,0,0,0,0
WPNEU2315,0,0,0,0
WPNEU2316,0,0,0,0
WPNEU2376,0,0,0,0
WPNEU2384,0,0,0,0
WPNEU2385,0,0,0,0
WPNEU2394,0,0,0,0
WPNEU2386,0,0,0,0
WPNEU2395,0,0,0,0
WPSAD2301,0,0,0,0
WPSAD2302,0,0,0,0
WPNEU2396,0,0,0,0
WPSAD2303,0,0,0,0
WPSAD2304,0,0,0,0
WPSAD2305,0,0,0,0
WPSAD2311,0,0,0,0
WPSAD2312,0,0,0,0
WPSAD2314,0,0,0,0
WPSAD2313,0,0,0,0
WPSAD2315,0,0,0,0
WPSAD2376,0,0,0,0
WPSAD2382,0,0,0,0
WPSAD2381,0,0,0,0
WPSAD2384,0,0,0,0
WPSAD2383,0,0,0,0
WPSAD2391,0,0,0,0
WPSAD2392,0,0,0,0
WPSAD2385,0,0,0,0
WPSAD2393,0,0,0,0
WPSAD2394,0,0,0,0
WPSIN2312,0,0,0,0
WPSAD2395,0,0,0,0
WPSIN2314,0,0,0,0
WPSIN2313,0,0,0,0
WPSIN2315,0,0,0,0
WPSIN2372,0,0,0,0
WPSIN2373,0,0,0,0
WPSIN2374,0,0,0,0
WPSIN2375,0,0,0,0
WPSIN2382,0,0,0,0
WPSIN2383,0,0,0,0
WPSIN2385,0,0,0,0
WPSIN2384,0,0,0,0
WPSIN2392,0,0,0,0
WPSIN2393,0,0,0,0
WPSIN2394,0,0,0,0
WPSYC2143,0,0,0,0
WPSIN2395,0,0,0,0
WPSYC2144,0,0,0,0
WPSYC2151,0,0,0,0
WPSYC2152,0,0,0,0
WPSYC2172,0,0,0,0
WPSYC2171,0,0,0,0
WPSYC2190,0,0,0,0
WPSYC2211,0,0,0,0
WPSYC2212,0,0,0,0
WPSYC2213,0,0,0,0
WRDGN2120,0,0,0,0
WRDGN2130,0,0,0,0
WRDGN2311,0,0,0,0
WRDGN2312,0,0,0,0
WRDGN2314,0,0,0,0
WRDGN2313,0,0,0,0
WRDGN2315,0,0,0,0
WRDGN2325,0,0,0,0
WRDGN2381,0,0,0,0
WRDGN2383,0,0,0,0
WRDGN2382,0,0,0,0
WRDGN2384,0,0,0,0
WRDGN2385,0,0,0,0
WRDGN2391,0,0,0,0
WRDGN2392,0,0,0,0
WRDGN2393,0,0,0,0
WRDGN2394,0,0,0,0
WRDGN3120,0,0,0,0
WRDGN2395,0,0,0,0
WRDTH2120,0,0,0,0
WRDTH2311,0,0,0,0
WRDTH2312,0,0,0,0
WRDTH2313,0,0,0,0
WRDTH2314,0,0,0,0
WRDTH2315,0,0,0,0
WRDTH2331,0,0,0,0
WRDTH2375,0,0,0,0
WRDTH2381,0,0,0,0
WRDTH2382,0,0,0,0
WRDTH2383,0,0,0,0
WRDTH2384,0,0,0,0
WRDTH2391,0,0,0,0
WRDTH2385,0,0,0,0
WRDTH2392,0,0,0,0
WRDTH2393,0,0,0,0
WRDTH2394,0,0,0,0
WRDTH3120,0,0,0,0
WRDTH2395,0,0,0,0
WRDTH3152,0,0,0,0
WREAN2311,0,0,0,0
WRDTH3160,0,0,0,0
WREAN2312,0,0,0,0
WREAN2372,0,0,0,0
WREAN2381,0,0,0,0
WREAN2382,0,0,0,0
WREAN2391,0,0,0,0
WREAN2392,0,0,0,0
WRFAR2100,0,0,0,0
WRFAR2100R,0,0,0,0
WRFAR2100T,0,0,0,0
WRPR2001,0,0,0,0
WRPR2002,0,0,0,0
WRPR2120,0,0,0,0
WRPR2330,0,0,0,0
WRPR3010M,0,0,0,0
WRPR3010,0,0,0,0
WRPR3200,0,0,0,0
WRPR3201,0,0,0,0
WRUMA2314,0,0,0,0
WRUMA2315,0,0,0,0
WRUMA2316,0,0,0,0
WRUMA2384,0,0,0,0
WRUMA2376,0,0,0,0
WRUMA2385,0,0,0,0
WRUMA2386,0,0,0,0
WRUMA2396,0,0,0,0
WRUMA2394,0,0,0,0
WRUMA2395,0,0,0,0
WSBIM1001,0,0,0,0
WSBIM1200,0,0,0,0
WSBIM1201T,0,0,0,0
WSBIM1201P,0,0,0,0
WSBIM1203,0,0,0,0
WSBIM1204,0,0,0,0
WSBIM1205,0,0,0,0
WSBIM1207,0,0,0,0
WSBIM1206,0,0,0,0
WSBIM1220,0,0,0,0
WSBIM1211,0,0,0,0
WSBIM1226,0,0,0,0
WSBIM1227,0,0,0,0
WSBIM1302,0,0,0,0
WSBIM1293,0,0,0,0
WSBIM1303P,0,0,0,0
WSBIM1305,0,0,0,0
WSBIM1303T,0,0,0,0
WSBIM1320,0,0,0,0
WSBIM1323,0,0,0,0
WSBIM1322,0,0,0,0
WSBIM1334,0,0,0,0
WSBIM1334D,0,0,0,0
WSBIM1334F,0,0,0,0
WSBIM1334M,0,0,0,0
WSBIM1382,0,0,0,0
WSBIM1393,0,0,0,0
WSBIM2061,0,0,0,0
WSBIM2060,0,0,0,0
WSBIM2114,0,0,0,0
WSBIM2115,0,0,0,0
WSBIM2122,0,0,0,0
WSBIM2159,0,0,0,0
WSBIM2197,0,0,0,0
WSBIM2198,0,0,0,0
WSBIM2230,0,0,0,0
WSBIM2246,0,0,0,0
WSBIM2238N,0,0,0,0
WSBIM2246M,0,0,0,0
WSBIM2280,0,0,0,0
WSBIM2246P,0,0,0,0
WSBIM2297,0,0,0,0
WSBIM2298,0,0,0,0
WULB7800,0,0,0,0
WULB7801,0,0,0,0
WULB7802,0,0,0,0
WULB7803,0,0,0,0
WULB7806,0,0,0,0
WULB7804,0,0,0,0
WULG3320,0,0,0,0
WULG3322,0,0,0,0
WULG3321,0,0,0,0
WULG3325,0,0,0,0
WULG3326,0,0,0,0
WURO2313,0,0,0,0
WURO2314,0,0,0,0
WURO2315,0,0,0,0
WURO2316,0,0,0,0
WURO2375,0,0,0,0
WURO2376,0,0,0,0
WURO2383,0,0,0,0
WURO2384,0,0,0,0
WURO2385,0,0,0,0
WURO2386,0,0,0,0
WURO2393,0,0,0,0
WURO2394,0,0,0,0
WURO2395,0,0,0,0
XKULA2201,0,0,0,0
XKULA2202,0,0,0,0
XKULA2203,0,0,0,0
XKULA2204,0,0,0,0
XKULB1015,0,0,0,0
XKULB1014,0,0,0,0
WURO2396,0,0,0,0
